nro,playerId,seasonId,queueId,gameId,gameMode,gameDuration,gameCreation,win,teamId,firstBlood,firstTower,firstDragon,firstInhibitor,firstBaron,myTeamKills,myTeamtowerKills,myTeamdragonKills,myTeaminhibitorKills,myTeambaronKills,enemyTeamKills,enemyTeamtowerKills,enemyTeamdragonKills,enemyTeaminhibitorKills,enemyTeambaronKills,teamId,participantId,spell1Id,spell2Id,championId,magicDamageDealtToChampions,physicalDamageDealtToChampions,physicalDamageTaken, magicalDamageTaken,totalTimeCrowdControlDealt,damageDealtToTurrets,largestKillingSpree,pentaKills,quadraKills,tripleKills,doubleKills,kills,deaths,assits,totalMinionsKilled,goldSpent,wardsPlaced
0,1,12,420,646526418,CLASSIC,1520,1545010361164,Fail,100,True,False,False,False,False,11,1,0,0,0,46,8,3,2,1,100,2,12,4,75,2768,5836,16676,6858,198,964,0,0,0,0,0,2,15,4,65,6150,6
1,0,12,420,646513284,CLASSIC,1897,1545008016260,Win,100,False,True,True,True,True,40,8,3,2,1,24,2,1,0,0,100,1,12,4,75,5971,10376,19818,5701,373,10891,2,0,0,0,1,6,6,12,101,11000,8
2,5,12,440,645796767,CLASSIC,1513,1544831322885,Fail,200,False,True,True,False,False,11,2,1,0,0,22,9,1,1,1,200,6,12,4,75,5264,6610,17012,1686,706,4591,5,0,0,0,0,6,7,0,111,8950,5
3,5,12,430,644171868,CLASSIC,2017,1544402401742,Win,200,True,True,True,True,True,41,11,3,4,1,17,3,1,0,0,200,6,14,4,126,3439,17594,16025,4426,181,6347,4,0,0,0,1,10,3,8,130,11500,4
4,0,12,430,644129363,CLASSIC,1333,1544400677865,Win,100,False,True,True,False,False,23,7,2,0,0,15,2,0,0,0,100,1,14,4,75,3503,7231,13040,6571,341,8232,3,0,0,0,1,5,4,2,142,8700,2
5,5,12,430,644125288,CLASSIC,1542,1544398712351,Fail,200,True,False,True,False,False,15,2,2,0,0,27,7,1,1,0,200,6,14,4,53,5003,2172,9130,6940,165,1091,2,0,0,0,0,2,6,4,38,6025,13
6,5,12,420,639604025,CLASSIC,1567,1543203543830,Win,200,True,True,True,True,True,42,11,2,3,1,20,2,0,0,0,200,6,12,4,98,6325,4126,13756,3268,230,4716,0,0,0,0,0,2,2,13,95,8150,4
7,4,12,440,639500125,CLASSIC,1795,1543179266823,Win,100,True,False,False,True,False,33,7,1,1,0,20,4,2,0,0,100,5,12,4,98,5847,5991,20081,7266,320,4099,2,0,0,0,0,3,4,13,130,8600,4
8,7,12,440,639457041,CLASSIC,1505,1543177306771,Win,200,True,False,True,True,False,43,9,3,2,0,25,4,0,0,0,200,8,12,4,98,6632,7962,16856,3590,439,6831,7,0,0,0,2,12,5,17,88,9950,6
9,3,12,440,639464073,CLASSIC,942,1543175788730,Fail,100,False,False,False,False,False,4,1,0,0,0,21,4,0,0,0,100,4,12,4,24,599,2372,3998,5742,31,3440,0,0,0,0,0,1,6,0,83,4625,4
10,6,12,440,639460025,CLASSIC,1854,1543173447977,Win,200,False,False,True,True,False,44,11,4,4,0,26,3,0,0,0,200,7,12,4,75,5567,12271,24904,10825,697,8781,2,0,0,0,0,5,7,14,147,11200,10
11,2,12,440,638882660,CLASSIC,1405,1543033994978,Win,100,False,False,True,True,True,29,8,1,1,1,20,3,1,0,0,100,3,3,4,201,2993,1365,4322,9483,439,1050,0,0,0,0,0,2,3,12,33,5500,7
12,2,12,440,638858190,CLASSIC,1688,1543031556573,Fail,100,False,True,False,False,False,23,4,0,0,0,45,8,3,1,1,100,3,12,4,75,6623,8116,20292,6931,584,6417,0,0,0,0,0,3,9,10,126,9800,7
13,2,12,430,638863130,CLASSIC,1856,1543028994596,Fail,100,False,False,False,False,False,22,3,1,0,0,40,10,3,2,1,100,3,11,4,32,11487,1372,17846,5428,762,601,2,0,0,0,1,4,8,9,25,9750,8
14,1,12,450,638840366,ARAM,986,1543027415779,Fail,100,True,False,False,False,False,32,1,0,0,0,35,4,0,2,0,100,2,21,4,13,11748,1307,8272,10044,28,603,2,0,0,0,0,5,8,10,26,6950,0
15,8,12,450,638817007,ARAM,986,1543025818875,Fail,200,False,False,False,False,False,23,0,0,0,0,44,4,0,1,0,200,9,32,4,113,3230,4024,13766,7453,153,92,2,0,0,0,0,3,8,12,17,7550,0
16,2,12,420,637468055,CLASSIC,1892,1542652641428,Fail,100,True,False,False,False,False,18,4,0,0,0,32,10,4,2,0,100,3,12,4,75,8035,13380,25193,10521,482,1844,0,0,0,0,0,2,11,3,167,8900,13
17,6,12,440,637021453,CLASSIC,1914,1542515305314,Win,200,True,True,False,True,False,33,9,1,1,1,33,5,2,0,1,200,7,7,4,115,26439,1472,9165,7165,411,31804,2,0,0,0,0,6,6,16,154,10860,9
18,3,12,440,637006882,CLASSIC,1164,1542513441359,Fail,100,False,False,False,False,False,9,0,0,0,0,39,11,2,3,0,100,4,12,4,86,1967,5463,19289,3545,62,0,0,0,0,0,0,1,6,2,69,4650,4
19,3,12,440,636989938,CLASSIC,1924,1542510771697,Win,100,False,True,False,True,True,42,11,1,4,1,32,3,3,0,0,100,4,21,4,18,1914,16893,15477,4245,111,8248,2,0,0,0,0,7,10,8,122,12590,3
20,1,12,440,636974939,CLASSIC,2984,1542507359766,Win,100,False,True,True,True,False,66,11,2,4,1,66,6,2,0,1,100,2,12,4,58,8230,50254,40390,30917,225,2950,4,0,0,0,1,18,12,26,225,18900,16
21,8,12,440,636777977,CLASSIC,979,1542486375537,Win,200,True,True,True,True,False,22,10,2,2,0,9,0,0,0,0,200,9,12,4,75,1419,2075,5379,985,93,4537,0,0,0,0,0,0,2,2,65,5050,3
22,1,12,450,636782880,ARAM,1212,1542484396034,Win,100,False,True,False,True,False,42,4,0,2,0,30,2,0,0,0,100,2,32,4,106,5329,8298,15463,13981,288,1686,4,0,0,0,3,11,9,18,16,7800,0
23,1,12,450,636562184,ARAM,994,1542414023534,Fail,100,False,False,False,False,False,27,1,0,0,0,46,4,0,2,0,100,2,32,4,98,3728,3845,13437,9775,119,664,3,0,0,0,1,6,11,16,10,7600,0
24,9,11,440,634879469,CLASSIC,2064,1541959749132,Fail,200,False,False,False,True,False,45,5,1,1,0,45,11,2,3,0,200,10,12,4,75,10526,13361,33767,10309,501,3657,2,0,0,0,0,6,10,12,136,11200,15
25,8,11,440,634865589,CLASSIC,2006,1541957051284,Fail,200,True,False,True,False,False,31,2,1,0,0,49,9,3,1,1,200,9,11,4,32,8867,1130,20799,8123,306,299,0,0,0,0,0,3,11,9,28,8250,9
26,2,11,450,634862600,ARAM,1271,1541954813927,Win,100,True,False,False,True,False,46,4,0,1,0,46,2,0,0,0,100,3,32,4,420,0,15234,3936,25105,18,0,0,0,0,0,0,3,8,16,33,11400,0
27,3,11,450,634651351,ARAM,1294,1541892927919,Win,100,True,True,False,True,False,45,4,0,3,0,55,2,0,1,0,100,4,32,4,102,13378,5930,24627,7611,14,828,3,0,0,2,2,8,9,16,44,11600,0
28,3,11,400,634586867,CLASSIC,1748,1541885782395,Win,100,False,True,False,True,False,47,8,2,1,0,25,2,1,0,0,100,4,12,4,75,9799,21433,18566,15075,821,8648,8,0,0,0,1,13,2,12,147,10100,15
29,9,11,450,634590069,ARAM,873,1541882657746,Win,200,True,True,False,True,False,36,4,0,1,0,22,1,0,0,0,200,10,32,4,31,5752,1018,9314,890,183,1801,3,0,0,0,1,5,3,12,16,6450,0
30,6,11,450,634567107,ARAM,1189,1541881200671,Win,200,False,True,False,True,False,52,4,0,2,0,40,2,0,0,0,200,7,32,4,12,12672,1471,11021,13612,135,653,4,0,0,0,2,8,4,41,12,11800,0
31,6,11,430,629832287,CLASSIC,1696,1540624597251,Fail,200,False,False,False,False,False,20,4,0,0,0,65,7,2,2,0,200,7,4,11,102,7832,4380,34662,2284,487,401,0,0,0,0,0,3,12,3,104,9750,3
32,3,11,420,608207332,CLASSIC,1510,1534790361424,Fail,100,True,False,False,False,False,18,2,0,0,0,30,9,3,2,0,100,4,12,4,31,6122,1149,10909,13972,574,3811,0,0,0,0,0,3,5,3,134,6875,5
33,6,11,420,608194465,CLASSIC,211,1534787456964,Win,200,False,False,False,False,False,0,0,0,0,0,1,0,0,0,0,200,7,12,4,31,0,0,196,0,52,0,0,0,0,0,0,0,0,0,18,500,0
34,5,11,420,565748979,CLASSIC,2044,1522702167400,Fail,200,False,False,False,False,False,12,3,1,0,0,19,8,3,2,2,200,6,12,4,31,4996,1906,17911,8314,841,1638,0,0,0,0,0,1,7,7,138,8650,12
35,4,11,420,565740166,CLASSIC,2051,1522696500309,Fail,100,True,True,True,True,False,39,8,2,1,0,38,8,2,1,2,100,5,12,4,31,16376,4130,30536,13501,1304,8362,5,0,0,0,0,10,8,10,173,13300,3
36,3,11,420,565735056,CLASSIC,1608,1522693463131,Fail,100,True,True,True,False,False,18,1,1,0,0,28,8,2,1,0,100,4,3,4,53,3405,1745,10634,6491,113,1448,0,0,0,0,0,1,6,8,43,5750,17
37,4,11,420,565712706,CLASSIC,1940,1522690609768,Win,100,True,False,True,True,True,43,10,2,2,1,35,7,2,0,0,100,5,3,4,201,5220,1669,16809,4036,458,1216,2,0,0,0,0,3,4,14,37,9275,11
38,6,11,1020,565650846,ONEFORALL,1735,1522645269558,Win,200,True,True,True,True,True,48,10,4,2,1,27,6,0,0,0,200,7,7,4,63,25569,2252,16758,3634,196,9728,4,0,0,0,1,14,7,12,88,17960,9
39,4,11,1020,565629255,ONEFORALL,990,1522643952370,Fail,100,True,False,False,False,False,16,0,0,0,0,49,7,0,1,0,100,5,12,4,81,6430,2750,3220,11661,9,0,0,0,0,0,0,2,12,2,24,5700,0
40,2,11,420,560954494,CLASSIC,1654,1521410063712,Fail,100,False,False,False,False,False,18,2,0,0,0,35,7,2,1,0,100,3,11,4,32,9343,1624,21706,5761,377,612,0,0,0,0,0,3,4,6,52,8350,10
41,3,11,420,560946000,CLASSIC,2032,1521406453498,Fail,100,False,True,False,False,False,32,4,0,0,0,35,11,4,4,1,100,4,11,4,59,742,12494,20817,8664,570,782,0,0,0,0,0,4,10,16,54,11300,4
42,3,11,420,560919677,CLASSIC,1380,1521402958224,Fail,100,False,False,False,False,False,8,0,0,0,0,19,10,2,1,1,100,4,12,4,31,4510,1405,9685,10393,710,513,3,0,0,0,1,3,4,3,108,5950,7
43,1,11,420,560903836,CLASSIC,2663,1521399389710,Fail,100,False,True,True,True,True,28,10,4,3,2,28,9,1,3,0,100,2,11,4,32,17628,1177,44972,21782,1340,928,0,0,0,0,0,1,7,17,41,12950,16
44,2,11,420,560851043,CLASSIC,1623,1521387494828,Win,100,False,False,False,True,False,36,10,0,1,0,23,3,1,0,0,100,3,3,4,89,3898,3002,11693,7458,81,621,0,0,0,0,0,2,5,16,52,7900,12
45,3,11,420,560769226,CLASSIC,1539,1521385403729,Fail,100,False,True,False,False,True,14,2,0,0,1,27,8,2,2,0,100,4,3,4,89,2882,1702,9813,6066,69,331,0,0,0,0,0,1,4,7,38,5750,15
46,5,11,440,560706757,CLASSIC,1930,1521346335635,Win,200,False,True,False,True,True,41,11,1,4,1,29,2,1,0,0,200,6,11,4,32,17137,1881,20590,10930,530,1025,2,0,0,0,1,7,6,14,34,11850,9
47,0,11,440,560703784,CLASSIC,1234,1521344466264,Win,100,False,True,True,True,False,29,7,2,1,0,14,2,0,0,0,100,1,7,4,99,13472,688,4371,4089,174,4006,5,0,0,0,0,6,5,6,89,7250,5
48,7,11,440,559224401,CLASSIC,1754,1520900773629,Fail,200,False,False,True,False,False,15,2,2,0,0,25,10,1,2,1,200,8,11,4,24,2974,4892,21859,5705,334,0,0,0,0,0,0,2,9,6,41,7933,12
49,4,11,440,557334293,CLASSIC,1919,1520389297215,Fail,100,True,False,True,False,False,24,4,2,0,0,33,9,1,1,1,100,5,12,4,98,6301,4559,22393,6927,270,1883,3,0,0,0,1,6,9,11,134,10300,6
50,4,11,440,557014791,CLASSIC,1561,1520302061713,Win,100,False,True,True,True,True,24,11,3,3,1,10,4,0,0,0,100,5,12,4,14,4208,4680,7299,3579,943,2595,0,0,0,0,0,0,4,5,132,8400,6
51,0,11,420,556740598,CLASSIC,2285,1520219695134,Fail,100,True,False,False,False,False,23,5,1,0,0,37,9,3,1,2,100,1,12,4,48,3453,10595,21842,9263,827,3590,0,0,0,0,0,1,10,2,178,9950,13
52,9,11,420,556707914,CLASSIC,2113,1520216702862,Fail,200,False,True,True,True,True,27,11,1,2,1,42,7,2,1,0,200,10,12,4,48,4883,14477,26364,27596,367,12409,4,0,0,1,1,4,11,6,182,12300,3
53,9,11,420,556712821,CLASSIC,1567,1520214788379,Win,200,False,False,False,True,True,25,11,1,3,1,20,2,1,0,0,200,10,12,4,48,1889,10300,21413,7489,210,12144,3,0,0,0,0,4,4,13,134,8950,9
54,9,11,440,556644104,CLASSIC,1572,1520201770665,Win,200,True,False,True,True,True,34,7,3,1,1,14,3,0,0,0,200,10,12,4,31,10702,5866,20426,4978,965,4697,9,0,0,0,0,10,1,10,156,10425,5
55,9,11,440,556619712,CLASSIC,1976,1520199057065,Win,200,True,True,False,True,True,30,9,1,2,2,23,4,1,0,0,200,10,12,4,31,12669,4080,24543,8815,1146,4546,2,0,0,0,0,6,7,9,159,11300,8
56,4,11,440,556615229,CLASSIC,2272,1520196418625,Win,100,True,True,False,True,True,48,8,2,1,1,30,4,2,0,0,100,5,12,4,31,19504,8403,22064,26045,1247,4584,6,0,0,0,0,15,5,10,208,15350,8
57,5,11,440,556474490,CLASSIC,1640,1520135144278,Fail,200,False,False,True,False,False,21,1,1,0,0,30,8,2,1,0,200,6,21,4,115,18969,1387,10753,3308,314,1756,4,0,0,0,0,5,6,7,137,8850,6
58,8,11,440,556452236,CLASSIC,1502,1520132883368,Fail,200,False,False,False,False,False,15,3,1,0,0,32,8,1,1,1,200,9,12,4,31,8997,3531,13160,7694,786,2143,3,0,0,0,1,4,7,3,127,7550,3
59,9,11,440,556366198,CLASSIC,1422,1520129090477,Win,200,True,True,False,True,True,20,8,0,1,1,11,2,0,0,0,200,10,12,4,31,3925,971,12920,6226,624,4961,3,0,0,0,0,3,3,5,112,6245,5
60,4,11,440,556321672,CLASSIC,1505,1520119288573,Win,100,True,True,False,False,True,19,5,0,0,1,10,2,0,0,0,100,5,12,4,98,3538,3242,8249,5574,196,1743,0,0,0,0,0,1,2,13,122,7425,6
61,9,11,440,556320828,CLASSIC,198,1520118747318,Win,200,False,False,False,False,False,0,0,0,0,0,0,0,0,0,0,200,10,12,4,98,0,0,379,138,4,0,0,0,0,0,0,0,0,0,12,500,0
62,8,11,440,556246032,CLASSIC,1741,1520103199704,Fail,200,False,False,False,False,False,25,0,0,0,0,45,11,4,2,1,200,9,12,4,31,8668,3645,23064,10776,1014,145,2,0,0,0,0,6,9,7,124,8300,9
63,9,11,440,556242666,CLASSIC,1468,1520100825983,Win,200,True,True,True,False,False,23,4,1,0,0,9,3,1,0,0,200,10,12,4,516,7803,5397,6151,6725,730,2567,0,0,0,0,0,1,1,5,153,7000,7
64,3,11,440,555413982,CLASSIC,1780,1519872082527,Win,100,True,False,False,False,True,29,8,1,1,1,19,5,1,1,0,100,4,11,4,32,9952,1192,11585,9359,338,1076,3,0,0,0,0,4,4,14,22,9370,13
65,8,11,400,555389078,CLASSIC,2037,1519869521846,Win,200,False,True,False,True,False,29,10,2,1,0,22,3,1,0,0,200,9,11,4,32,10948,2256,16341,7793,685,3088,3,0,0,0,0,6,4,11,54,9550,7
66,7,11,440,555374948,CLASSIC,1679,1519867123969,Fail,200,False,False,False,False,False,21,2,0,0,0,36,10,2,2,1,200,8,12,4,86,4782,14746,18819,15429,101,3345,4,0,0,0,0,7,6,8,134,8800,7
67,5,11,420,555062236,CLASSIC,1819,1519785009539,Win,200,False,True,False,True,False,37,11,3,3,0,23,2,1,0,0,200,6,12,4,75,7383,13065,10483,19317,270,8533,3,0,0,0,0,6,7,7,159,10820,9
68,8,11,420,555036154,CLASSIC,2363,1519781849401,Fail,200,True,True,False,False,False,34,2,0,0,0,49,7,4,1,1,200,9,12,4,31,16617,6042,31185,14610,1401,293,2,0,0,0,0,7,7,11,198,12350,8
69,6,11,420,554686613,CLASSIC,2209,1519696660197,Fail,200,False,False,False,False,False,26,0,0,0,0,63,10,4,3,1,200,7,12,4,31,8998,1981,20520,26480,681,0,0,0,0,0,0,2,13,6,114,8300,10
70,7,11,420,554498211,CLASSIC,2406,1519673443894,Fail,200,False,True,False,False,False,34,4,2,0,0,61,10,3,3,2,200,8,12,4,31,17052,5016,34540,15812,1348,2454,2,0,0,0,0,8,11,12,203,15200,13
71,0,11,420,554373135,CLASSIC,2308,1519614502787,Win,100,True,True,True,False,True,41,10,2,2,1,44,5,2,1,0,100,1,12,4,31,19272,8319,31806,23580,1661,11137,5,0,0,0,2,16,6,13,231,16100,8
72,0,11,420,554360542,CLASSIC,1206,1519612914623,Win,100,True,True,True,True,False,31,11,2,3,0,7,1,0,0,0,100,1,12,4,31,6219,2628,8331,3416,577,7039,7,0,0,0,0,7,0,8,104,7950,1
73,3,11,420,554335006,CLASSIC,2443,1519610086808,Win,100,True,True,True,False,True,55,9,4,1,1,49,9,0,1,1,100,4,12,4,31,22563,7677,27566,28862,1404,4070,3,0,0,0,1,12,8,17,141,15300,13
74,7,11,420,554319903,CLASSIC,1376,1519607507825,Win,200,False,True,True,True,True,20,9,1,2,1,9,1,1,0,0,200,8,12,4,31,7585,3263,12932,5312,742,1470,4,0,0,0,1,6,3,1,149,6120,7
75,6,11,420,554262211,CLASSIC,2039,1519596335786,Win,200,True,True,True,True,True,32,11,3,4,2,23,2,0,0,0,200,7,12,4,31,16757,7028,20326,25099,950,5226,2,0,0,0,0,6,7,8,158,12300,7
76,6,11,420,554258115,CLASSIC,1643,1519594076029,Fail,200,False,False,False,False,False,14,1,0,0,0,35,8,2,1,0,200,7,12,4,75,6386,9574,16470,8979,365,4232,2,0,0,0,1,3,7,3,184,7975,16
77,9,11,420,554235181,CLASSIC,1683,1519592021045,Win,200,True,True,True,True,False,39,8,2,2,0,27,3,0,0,0,200,10,12,4,31,11135,5059,14009,11365,883,4423,4,0,0,0,1,7,2,11,172,11950,6
78,7,11,420,554251492,CLASSIC,1499,1519590032985,Fail,200,False,False,False,False,False,11,0,0,0,0,34,11,3,4,1,200,8,11,4,59,573,5620,15640,6079,380,0,0,0,0,0,0,3,11,3,27,6050,7
79,0,11,420,554038113,CLASSIC,1774,1519538647247,Fail,100,False,False,False,False,False,30,4,0,0,0,47,8,3,1,1,100,1,12,4,31,11430,3877,20710,13455,863,2296,4,0,0,0,0,5,9,5,117,9200,4
80,1,11,420,554055095,CLASSIC,1781,1519536451700,Fail,100,False,False,False,False,False,25,1,0,0,0,31,11,3,3,1,100,2,12,4,31,10591,4615,17181,5884,931,949,4,0,0,0,1,8,3,8,121,8950,6
81,0,11,420,554032149,CLASSIC,2045,1519533990656,Win,100,False,True,False,True,True,34,11,1,3,2,26,3,3,0,0,100,1,12,4,31,16209,4687,19189,15562,1019,6736,5,0,0,0,1,10,5,9,127,11600,5
82,5,11,420,554017258,CLASSIC,2190,1519531066513,Win,200,True,True,False,True,True,51,10,0,1,1,35,4,3,0,0,200,6,11,4,59,2688,17237,21755,9041,355,3283,3,0,0,0,0,9,7,24,51,12750,12
83,5,11,420,553983780,CLASSIC,1699,1519523183269,Win,200,False,True,True,True,True,41,10,2,4,1,26,3,1,0,0,200,6,12,4,31,13613,4366,16158,11547,835,7865,6,0,0,0,0,7,4,15,124,10475,6
84,8,11,420,553969994,CLASSIC,1642,1519520918531,Win,200,True,True,True,True,False,22,9,2,2,0,12,1,0,0,0,200,9,12,4,31,12909,5139,18660,9823,908,4327,2,0,0,0,0,8,4,3,195,10350,6
85,0,11,420,553949218,CLASSIC,194,1519520041064,Win,100,True,False,False,False,False,1,0,0,0,0,0,0,0,0,0,100,1,12,4,31,203,254,737,255,81,0,0,0,0,0,0,0,0,0,10,500,0
86,4,11,420,553914083,CLASSIC,1379,1519509600192,Win,100,False,False,True,True,False,13,7,1,1,0,14,3,1,0,0,100,5,12,4,31,2532,1169,8997,3990,369,4271,2,0,0,0,1,2,3,3,90,6000,5
87,0,11,420,553897803,CLASSIC,1687,1519505632269,Win,100,True,True,False,True,True,32,9,1,1,1,18,3,1,0,0,100,1,11,4,59,828,8716,14440,5307,611,6618,4,0,0,0,0,6,3,13,45,10725,14
88,4,11,420,553892686,CLASSIC,1946,1519502195235,Win,100,True,True,True,True,True,25,10,1,2,2,26,3,3,0,0,100,5,12,4,31,14608,5515,22087,16630,929,6450,2,0,0,0,1,5,3,5,155,11000,6
89,7,11,420,553879312,CLASSIC,1463,1519500124292,Win,200,True,True,True,True,True,15,10,2,2,1,4,3,0,0,0,200,8,12,4,31,4177,942,8094,6745,772,5751,2,0,0,0,0,2,0,4,121,6370,7
90,6,11,420,553865381,CLASSIC,2049,1519497007499,Win,200,True,True,True,True,True,40,9,3,2,1,19,3,1,0,0,200,7,12,4,31,17455,7313,18046,16805,1102,4593,3,0,0,0,1,7,4,12,177,11800,12
91,8,11,420,553860138,CLASSIC,1834,1519492480522,Fail,200,False,False,True,False,False,20,2,1,0,0,26,11,1,4,1,200,9,12,4,31,11615,4723,23179,9243,1279,1964,0,0,0,0,0,3,8,8,161,9350,7
92,3,11,420,553686685,CLASSIC,1422,1519448603865,Fail,100,False,False,False,False,False,16,1,0,0,0,31,11,2,3,0,100,4,12,4,31,5665,2032,15896,7390,559,1474,2,0,0,0,0,4,9,2,66,6600,6
93,1,11,420,553701989,CLASSIC,2135,1519446026127,Fail,100,False,True,False,False,False,20,4,0,0,0,32,8,3,1,1,100,2,12,4,31,7782,1368,20924,19687,757,1604,3,0,0,0,0,6,6,8,132,10500,13
94,4,11,420,553676803,CLASSIC,1609,1519443017660,Win,100,True,False,True,True,True,28,9,2,2,1,17,2,1,0,0,100,5,12,4,31,7841,1499,13162,10598,529,4367,5,0,0,0,0,5,5,10,94,8150,6
95,5,11,420,553671669,CLASSIC,2255,1519440295004,Fail,200,False,False,False,True,True,23,9,2,3,1,35,8,2,1,1,200,6,12,4,24,5954,19501,22980,10830,142,11697,4,0,0,0,1,13,8,5,259,16583,15
96,3,11,420,553660981,CLASSIC,199,1519439677583,Win,100,True,False,False,False,False,3,0,0,0,0,1,0,0,0,0,100,4,12,4,31,481,638,1027,352,58,0,0,0,0,0,0,1,0,0,12,500,1
97,8,11,420,553646617,CLASSIC,1474,1519437529456,Win,200,True,True,True,True,False,39,11,2,3,0,20,0,0,0,0,200,9,12,4,31,7805,3742,8883,8504,745,9767,13,0,0,0,3,13,2,8,166,10150,3
98,1,11,420,551841436,CLASSIC,2198,1519006524996,Fail,100,True,True,False,False,False,25,3,1,0,0,48,7,3,1,0,100,2,12,4,31,9797,4610,20691,19497,966,3171,2,0,0,0,0,4,11,9,117,10325,8
99,4,11,420,551835505,CLASSIC,2103,1519003778939,Win,100,True,True,True,True,False,27,11,4,5,1,15,2,0,0,1,100,5,12,4,122,1284,14567,20166,13854,104,2925,3,0,0,1,1,5,5,7,195,12800,12
100,0,11,420,551820334,CLASSIC,2702,1519000268773,Win,100,True,True,False,True,True,47,11,3,3,1,38,2,2,0,0,100,1,11,4,59,2045,24347,25687,22551,676,7831,3,0,0,0,0,11,10,22,109,20170,13
101,5,11,420,551782456,CLASSIC,1868,1518995203670,Win,200,False,False,True,True,False,34,10,3,2,0,23,3,1,0,0,200,6,12,4,31,12427,3801,23375,16980,1195,10324,10,0,0,0,1,12,2,4,170,13275,7
102,5,11,420,551729426,CLASSIC,1554,1518987228831,Fail,200,True,False,False,False,False,18,2,0,0,0,27,11,3,3,1,200,6,3,4,89,3444,1801,12534,6071,105,578,0,0,0,0,0,0,6,6,28,5450,7
103,6,11,420,551726544,CLASSIC,1403,1518985442467,Win,200,True,True,True,True,True,24,8,1,1,1,21,3,1,0,0,200,7,3,4,89,4034,2758,12233,4379,84,1641,0,0,0,0,0,0,5,10,38,5500,13
104,6,11,420,551719433,CLASSIC,1589,1518981382622,Fail,200,True,False,False,False,False,20,0,0,0,0,40,11,1,3,0,200,7,12,4,31,10142,3738,24826,6410,767,0,2,0,0,0,0,6,7,4,117,7825,9
105,6,11,420,551706953,CLASSIC,1683,1518979365777,Win,200,True,True,True,True,True,33,9,3,2,1,16,4,0,0,0,200,7,12,4,31,8565,3013,18485,5364,959,2520,2,0,0,0,0,6,3,6,150,8900,10
106,1,11,420,551691776,CLASSIC,2234,1518975144729,Fail,100,False,True,False,False,False,28,6,1,1,0,42,9,3,2,2,100,2,12,4,75,10910,14253,27356,11955,818,9817,3,0,0,0,0,8,8,7,189,13800,18
107,2,11,420,551665545,CLASSIC,2470,1518968132990,Win,100,False,False,False,True,False,29,11,3,3,0,24,4,2,0,2,100,3,12,4,31,12500,3209,23850,12480,1304,3984,2,0,0,0,0,4,6,9,202,12975,15
108,5,11,420,551683526,CLASSIC,1668,1518966085375,Fail,200,False,False,True,False,False,16,2,2,0,0,39,10,1,2,0,200,6,12,4,31,7396,2929,17940,3497,1185,0,2,0,0,0,0,2,7,7,105,6975,8
109,2,11,420,551642467,CLASSIC,2213,1518935431847,Fail,100,False,False,True,False,False,21,1,1,0,0,37,11,2,3,0,100,3,12,4,31,12680,3759,31326,19474,986,1327,4,0,0,0,1,7,7,3,154,10825,11
110,1,11,420,551629613,CLASSIC,2000,1518933159786,Fail,100,True,True,False,False,False,20,3,1,0,0,41,6,2,1,1,100,2,12,4,31,8982,2644,21472,17091,962,1034,0,0,0,0,0,2,9,7,162,8750,5
111,5,11,420,551604439,CLASSIC,1187,1518928910736,Fail,200,False,False,False,False,False,5,0,0,0,0,23,11,3,3,0,200,6,12,4,31,7453,3350,16295,3337,680,0,0,0,0,0,0,1,8,1,95,4850,4
112,7,11,420,551589824,CLASSIC,1921,1518926403238,Win,200,False,True,True,True,True,34,8,3,1,1,11,1,0,0,0,200,8,12,4,31,4765,1165,10778,12227,760,5277,2,0,0,0,0,3,4,8,158,9300,11
113,0,11,420,551575692,CLASSIC,2133,1518923648106,Win,100,False,False,False,True,True,23,6,0,1,1,19,5,4,0,0,100,1,12,4,31,11634,3388,22257,15723,988,4691,0,0,0,0,0,6,6,7,169,10675,12
114,5,11,420,551562755,CLASSIC,1273,1518921925867,Win,200,False,True,True,False,False,17,3,1,0,0,11,0,0,0,0,200,6,12,4,31,4680,1667,12543,648,496,3218,4,0,0,1,1,5,1,1,128,6450,5
115,3,11,420,551219774,CLASSIC,1681,1518833546085,Fail,100,False,False,False,False,False,13,2,0,0,0,25,10,2,2,1,100,4,12,4,122,317,9694,11071,6975,79,595,0,0,0,0,0,1,7,2,132,6850,7
116,7,11,420,550891220,CLASSIC,2911,1518747456858,Fail,200,True,False,True,True,True,41,5,3,2,1,50,11,2,2,2,200,8,12,4,75,14473,17085,33010,22608,615,816,3,0,0,0,0,6,17,13,168,14425,31
117,2,11,420,550856611,CLASSIC,2040,1518745007373,Fail,100,True,True,True,True,False,25,7,2,1,0,42,11,3,3,2,100,3,3,4,89,5087,2323,15645,7352,1447,982,0,0,0,0,0,0,7,10,62,9250,20
118,6,11,420,550792639,CLASSIC,1860,1518736410498,Fail,200,True,False,True,False,True,26,3,1,0,1,43,10,2,3,1,200,7,11,4,59,1509,22504,16343,13252,369,2991,8,0,0,0,0,14,8,11,43,12650,11
119,5,11,420,550788518,CLASSIC,1164,1518733919217,Win,200,True,False,True,False,False,8,3,3,0,0,2,1,0,0,0,200,6,12,4,31,3876,1221,5456,1572,397,3948,3,0,0,0,1,3,0,0,144,4650,6
120,1,11,420,550773379,CLASSIC,1350,1518730542134,Fail,100,True,False,False,False,False,11,0,0,0,0,27,11,2,2,1,100,2,12,4,75,4505,6656,13718,5606,254,0,0,0,0,0,0,2,7,5,90,6175,4
121,5,11,420,550748966,CLASSIC,2095,1518727718854,Win,200,False,False,False,True,True,28,9,2,3,1,26,7,2,1,0,200,6,12,4,75,8789,10589,14361,15645,666,13465,2,0,0,0,1,7,5,13,170,13100,15
122,6,11,420,550494487,CLASSIC,1345,1518663179754,Fail,200,True,False,False,False,False,6,0,0,0,0,24,7,3,2,0,200,7,12,4,31,4627,948,9120,8851,599,0,0,0,0,0,0,1,4,2,132,5875,6
123,8,11,420,550479175,CLASSIC,2321,1518660396775,Fail,200,True,True,True,False,True,31,6,4,0,2,33,8,0,1,0,200,9,12,4,75,16255,10840,24244,15230,694,7692,2,0,0,0,0,6,10,6,207,13550,14
124,5,11,420,550475357,CLASSIC,1768,1518658209126,Win,200,False,False,True,True,True,25,11,2,3,1,16,4,0,0,0,200,6,12,4,75,7789,15082,25641,6093,497,7506,6,0,0,0,1,9,1,8,186,12250,18
125,3,11,420,550471661,CLASSIC,1882,1518655948084,Fail,100,True,False,True,False,False,16,2,1,0,0,40,9,2,2,1,100,4,12,4,31,9372,1992,17737,22017,683,747,2,0,0,0,1,5,9,1,137,8725,8
126,5,11,420,550434024,CLASSIC,2022,1518650791184,Fail,200,False,False,False,False,False,20,2,0,0,0,31,9,3,1,0,200,6,12,4,31,12567,4504,12447,22371,1018,877,2,0,0,0,0,5,7,7,173,8950,12
127,3,11,420,550343740,CLASSIC,2219,1518628907175,Fail,100,True,False,False,False,False,27,2,0,0,0,30,9,4,1,1,100,4,12,4,31,10513,4298,17508,12813,732,956,2,0,0,0,1,8,7,10,115,10100,12
128,2,11,420,550190308,CLASSIC,2472,1518578830690,Fail,100,True,True,True,False,False,28,4,2,0,0,41,8,2,5,1,100,3,12,4,31,15349,4743,29596,34698,1061,2236,3,0,0,0,0,7,9,8,189,13080,13
129,6,11,420,550153994,CLASSIC,1883,1518575096316,Win,200,True,True,True,True,True,41,11,2,4,1,22,2,1,0,0,200,7,12,4,31,13992,5323,18283,23039,820,5784,8,0,0,0,2,11,4,8,153,13650,11
130,5,11,420,550111706,CLASSIC,2670,1518568142003,Fail,200,False,True,False,False,True,34,5,2,0,1,43,9,3,3,2,200,6,12,4,122,2039,13972,27112,22193,117,4649,0,0,0,0,0,5,13,8,176,12950,14
131,2,11,420,550081412,CLASSIC,2169,1518562188672,Win,100,False,False,False,True,True,30,10,3,2,1,22,3,1,0,0,100,3,3,4,89,5894,3327,16624,13899,118,227,2,0,0,0,0,3,7,14,45,9625,22
132,0,11,420,550075036,CLASSIC,2082,1518559472134,Win,100,True,False,False,True,False,30,9,2,2,0,30,3,1,0,1,100,1,12,4,122,727,10767,20215,13252,70,6488,2,0,0,0,0,3,4,6,208,11400,9
133,5,11,420,549881749,CLASSIC,1941,1518533811876,Win,200,False,True,False,True,True,29,11,2,3,1,25,3,1,0,0,200,6,12,4,122,685,8666,19719,9161,91,2346,0,0,0,0,0,2,7,7,131,10500,9
134,9,11,420,549878574,CLASSIC,1560,1518531744858,Fail,200,False,False,True,False,False,17,1,1,0,0,22,8,1,1,0,200,10,12,4,75,6040,8651,16189,9995,428,1672,5,0,0,1,2,8,5,3,134,9850,11
135,3,11,420,549798874,CLASSIC,1785,1518494973781,Win,100,False,False,False,True,False,35,10,1,2,0,17,1,1,0,1,100,4,12,4,75,5443,7528,21841,5619,362,15369,2,0,0,0,1,5,4,1,193,9850,3
136,4,11,420,549779194,CLASSIC,1329,1518490488121,Fail,100,True,False,False,False,False,13,0,0,0,0,25,6,2,0,0,100,5,11,4,59,346,5188,11399,5086,239,0,0,0,0,0,0,1,7,5,7,5475,6
137,7,11,420,549783226,CLASSIC,2147,1518487848336,Fail,200,True,True,False,True,False,36,10,1,1,0,42,7,3,1,1,200,8,12,4,122,1606,14087,25012,19250,254,11287,6,0,0,0,1,8,9,5,237,14150,11
138,2,11,420,549642573,CLASSIC,1418,1518463575410,Win,100,True,False,True,True,False,22,11,2,3,0,9,1,0,0,0,100,3,12,4,122,986,14019,13215,3025,194,6383,9,0,0,0,1,9,0,4,171,9900,1
139,7,11,420,549627067,CLASSIC,2398,1518460710083,Fail,200,True,False,True,True,False,29,6,1,2,0,39,9,2,1,0,200,8,12,4,122,1299,20854,39631,16850,130,713,2,0,0,0,0,7,10,7,183,12900,15
140,6,11,420,549614277,CLASSIC,1961,1518458197064,Win,200,True,False,False,True,True,26,9,2,2,1,13,2,2,0,0,200,7,12,4,31,9342,3180,17685,8394,994,4289,2,0,0,0,0,5,4,4,167,10225,4
141,0,11,420,549611752,CLASSIC,1613,1518456156780,Win,100,True,True,True,True,True,37,11,3,3,1,23,3,0,0,0,100,1,12,4,122,518,18826,11586,11505,216,7815,4,0,0,1,2,10,6,6,132,9150,6
142,0,11,420,549595760,CLASSIC,1529,1518451175894,Win,100,True,True,False,True,False,34,8,1,1,0,16,2,1,0,0,100,1,12,4,122,342,14136,8819,8724,173,5303,4,0,0,0,1,6,3,7,107,6800,1
143,5,11,420,549581255,CLASSIC,1847,1518443293391,Fail,200,False,False,True,False,False,14,3,1,0,0,25,11,2,2,1,200,6,12,4,31,7181,2924,19516,10386,895,1012,2,0,0,0,0,2,3,5,150,8600,6
144,5,11,420,549569268,CLASSIC,2079,1518440253577,Fail,200,True,True,True,False,True,19,7,3,1,1,26,11,1,3,1,200,6,12,4,31,12306,2614,29556,15391,981,4672,2,0,0,0,0,5,8,11,142,11595,7
145,4,11,420,549578357,CLASSIC,986,1518438593840,Win,100,True,True,True,False,False,21,3,2,0,0,6,0,0,0,0,100,5,12,4,31,1896,1070,7074,1018,360,2557,3,0,0,0,0,3,1,1,107,4450,2
146,7,11,420,549577943,CLASSIC,1385,1518436787127,Win,200,False,True,True,True,True,25,6,3,1,1,12,2,0,0,0,200,8,12,4,31,4462,1798,9255,5575,672,5531,5,0,0,0,0,5,1,4,149,7200,6
147,3,11,420,549419324,CLASSIC,1992,1518407769560,Fail,100,False,False,False,False,False,35,0,0,0,0,40,11,2,6,1,100,4,12,4,25,10530,1399,11502,14514,165,0,2,0,0,0,0,3,10,18,41,9175,28
148,2,11,420,549415467,CLASSIC,1610,1518405733767,Win,100,True,True,False,False,True,28,5,1,0,1,16,3,1,0,0,100,3,12,4,24,2862,3530,14956,5473,116,3134,2,0,0,0,0,3,5,8,125,11150,8
149,7,11,420,549411544,CLASSIC,1565,1518403799437,Fail,200,False,False,False,False,False,10,1,0,0,0,36,11,2,3,1,200,8,12,4,86,1035,4091,10740,4710,111,1830,2,0,0,0,1,2,5,3,163,7650,3
150,3,11,420,549305493,CLASSIC,2301,1518383909002,Win,100,False,True,True,True,True,45,8,3,3,2,40,5,1,0,0,100,4,12,4,75,7828,14730,18687,27815,579,7992,4,0,0,0,2,9,3,11,196,14450,11
151,3,11,420,549292345,CLASSIC,1820,1518381652218,Win,100,True,True,False,True,True,42,11,2,3,1,25,0,2,0,0,100,4,12,4,31,11754,3907,12842,17084,883,4517,3,0,0,0,1,7,4,3,144,10200,6
152,6,11,420,549283746,CLASSIC,1532,1518377207243,Fail,200,False,False,False,False,False,16,0,0,0,0,47,11,3,3,0,200,7,12,4,24,6912,10693,15996,6770,54,819,2,0,0,0,0,6,11,2,73,6783,9
153,7,11,420,549223767,CLASSIC,2539,1518356145257,Fail,200,False,False,False,True,True,25,6,2,1,1,41,10,3,1,1,200,8,12,4,86,6418,16130,30216,11691,528,5168,2,0,0,0,0,5,7,6,144,11650,16
154,7,11,420,549204061,CLASSIC,1869,1518353674828,Win,200,True,False,False,True,True,41,8,1,1,1,22,4,2,0,0,200,8,12,4,31,17561,7621,24343,20966,1390,11736,8,0,0,1,2,17,3,7,193,15400,4
155,8,11,420,549222044,CLASSIC,2038,1518349257698,Win,200,False,False,True,True,True,34,9,4,2,2,29,3,0,0,0,200,9,12,4,75,11152,15134,22364,10198,958,7959,4,0,0,1,2,7,6,10,201,13800,14
156,0,11,420,549202964,CLASSIC,194,1518348611334,Win,100,True,False,False,False,False,1,0,0,0,0,1,0,0,0,0,100,1,12,4,75,73,448,744,131,5,0,0,0,0,0,0,0,0,0,9,500,0
157,6,11,420,549211780,CLASSIC,1661,1518346327765,Fail,200,False,False,False,False,False,14,1,0,0,0,30,8,3,1,1,200,7,12,4,75,6987,5405,15679,10975,316,1554,3,0,0,1,1,4,8,4,139,8925,9
158,7,11,420,549167367,CLASSIC,1558,1518325009225,Win,200,True,True,False,True,False,26,7,2,1,0,11,0,1,0,0,200,8,12,4,31,7620,2931,11640,5310,755,5197,4,0,0,1,1,7,1,3,147,7675,11
159,2,11,430,549154241,CLASSIC,1704,1518322717793,Fail,100,True,False,True,False,False,24,4,2,0,0,37,11,1,3,1,100,3,12,4,164,606,8140,15369,8085,253,2074,2,0,0,0,0,2,9,5,172,9233,5
160,4,11,840,548869874,CLASSIC,1105,1518282131437,Win,100,True,True,True,True,False,54,11,2,3,0,3,0,0,0,0,100,5,12,4,164,39,17546,7725,1750,80,469,6,0,0,0,1,14,2,16,60,6825,2
161,8,11,420,548864114,CLASSIC,2078,1518276084980,Fail,200,False,False,True,True,True,26,7,3,1,1,29,8,1,1,1,200,9,12,4,86,4396,13095,23576,16240,116,7793,5,0,0,0,0,5,6,6,160,11400,11
162,2,11,420,548853018,CLASSIC,1587,1518274069003,Win,100,True,True,True,True,True,30,11,3,4,1,17,1,0,0,0,100,3,12,4,75,5814,13033,21425,4857,535,11367,3,0,0,0,1,5,3,4,123,9725,12
163,4,11,420,548839771,CLASSIC,1457,1518268691616,Win,100,True,True,True,False,False,23,4,2,0,0,10,0,0,0,0,100,5,12,4,31,4073,1627,14132,2316,540,3590,3,0,0,0,1,5,2,1,150,7950,6
164,3,11,420,548848740,CLASSIC,1378,1518266766963,Win,100,True,True,True,False,False,14,4,3,0,0,12,2,0,0,0,100,4,12,4,86,2892,5078,9317,6944,71,3971,0,0,0,0,0,2,1,6,129,5825,4
165,1,11,420,548782004,CLASSIC,2843,1518232538977,Fail,100,False,False,True,False,True,52,8,1,4,2,62,9,3,2,1,100,2,12,4,75,13206,20814,29144,21485,1528,8683,3,0,0,0,2,13,12,22,224,16550,22
166,2,11,420,548746972,CLASSIC,2273,1518229827182,Win,100,True,True,True,True,False,43,9,4,1,1,27,4,1,0,1,100,3,12,4,31,9553,3129,19098,33381,1012,6770,2,0,0,0,0,6,6,12,170,12700,9
167,5,11,420,548751227,CLASSIC,1809,1518227174059,Fail,200,True,True,False,False,False,27,3,1,0,0,38,8,2,1,1,200,6,12,4,75,6935,10762,25038,7201,400,2944,3,0,0,0,0,3,9,10,151,9750,9
168,9,11,420,548391318,CLASSIC,1803,1518145792600,Fail,200,True,True,True,False,True,32,4,2,0,1,42,11,1,2,0,200,10,12,4,86,4931,12499,17527,19217,159,5907,3,0,0,0,1,9,9,8,146,10670,5
169,1,11,420,548356268,CLASSIC,1814,1518143509593,Win,100,False,False,True,True,False,37,10,2,1,0,20,2,1,0,1,100,2,12,4,86,4810,9722,17328,13790,100,2980,7,0,0,0,1,9,6,10,96,10950,6
170,0,11,420,548350307,CLASSIC,2375,1518140654087,Fail,100,True,True,False,False,False,42,7,2,0,0,53,11,3,3,2,100,1,12,4,86,6905,29541,44771,18561,228,5289,6,0,0,0,1,15,9,9,167,16730,11
171,3,11,420,547997799,CLASSIC,2133,1518062049997,Win,100,True,True,False,True,True,46,9,3,1,1,35,6,1,0,0,100,4,12,4,31,13645,3054,25661,9712,749,5620,3,0,0,0,0,8,8,10,150,12400,8
172,9,11,420,547981433,CLASSIC,2591,1518058369016,Win,200,True,False,True,False,True,48,8,4,1,2,44,6,0,2,0,200,10,12,4,24,6025,18059,31253,16575,446,645,3,0,0,1,1,13,11,4,205,16258,16
173,5,11,420,547956998,CLASSIC,1915,1518055919390,Win,200,False,True,True,True,True,32,10,4,2,2,23,2,0,0,0,200,6,12,4,31,9264,3034,17959,6369,958,5300,2,0,0,0,0,6,4,10,152,11030,7
174,4,11,420,547934747,CLASSIC,2930,1518048281480,Fail,100,True,False,False,True,True,41,8,2,4,2,41,10,3,1,1,100,5,12,4,75,12252,20297,32465,27454,620,1464,2,0,0,0,1,4,9,14,276,17033,17
175,0,11,420,547670790,CLASSIC,1777,1517975939533,Fail,100,False,False,True,False,False,15,0,1,0,0,31,11,2,4,1,100,1,12,4,31,8934,3370,21574,8990,817,71,0,0,0,0,0,3,7,3,132,7200,5
176,8,11,420,547628349,CLASSIC,1733,1517973710054,Win,200,True,True,True,True,True,30,11,2,3,1,18,1,1,0,0,200,9,12,4,24,1902,4860,14063,3856,128,5230,0,0,0,0,0,2,6,2,158,8650,7
177,3,11,420,547625061,CLASSIC,1449,1517971893486,Fail,100,False,False,True,False,False,19,0,3,0,0,38,11,0,2,1,100,4,12,4,75,5329,6008,18161,4233,87,0,0,0,0,0,0,2,10,9,103,7033,5
178,5,11,420,547619842,CLASSIC,1471,1517969895663,Win,200,False,True,True,True,False,43,7,1,1,0,19,4,0,0,0,200,6,12,4,75,3667,11483,12414,7204,1146,7193,5,0,0,0,2,8,4,12,143,8983,6
179,4,11,420,547597589,CLASSIC,1509,1517967918564,Win,100,False,True,False,True,False,29,8,1,1,0,21,1,2,0,0,100,5,12,4,75,3352,6629,11806,6885,375,7024,4,0,0,1,1,5,4,8,141,8583,8
180,7,11,420,547328949,CLASSIC,1654,1517892657120,Fail,200,True,False,False,False,True,12,2,0,0,1,38,8,2,1,0,200,8,3,4,89,4554,2209,18976,5398,105,368,3,0,0,0,0,4,9,2,41,6800,12
181,0,11,420,547323236,CLASSIC,1981,1517888978431,Fail,100,False,True,False,False,False,15,3,1,0,0,38,11,3,4,1,100,1,21,4,115,18813,824,9854,10016,535,14683,0,0,0,0,0,3,9,2,260,11250,11
182,6,11,420,547300221,CLASSIC,1721,1517886701169,Win,200,True,True,False,True,False,35,10,2,3,0,22,2,1,0,0,200,7,7,4,115,21041,1024,6289,6310,373,22744,0,0,0,0,0,1,4,9,138,8700,8
183,4,11,420,547275137,CLASSIC,1739,1517884025021,Fail,100,True,False,True,False,False,16,3,3,0,0,32,8,1,2,1,100,5,11,4,24,5215,7901,22354,7474,794,1907,6,0,0,0,1,9,5,2,50,11103,10
184,5,11,420,547026410,CLASSIC,2200,1517802065378,Fail,200,False,True,True,True,False,25,8,3,2,1,53,9,2,2,1,200,6,11,4,24,6004,10660,27725,14351,1005,4070,3,0,0,0,1,8,10,6,70,13493,8
185,4,11,420,546944869,CLASSIC,1832,1517796015598,Fail,100,True,True,False,False,False,24,5,2,0,0,28,9,1,2,2,100,5,11,4,24,4132,7045,24555,9544,670,1795,3,0,0,0,0,4,8,6,15,9608,8
186,1,11,420,546919919,CLASSIC,2441,1517793042950,Fail,100,False,False,True,False,True,23,3,1,0,1,34,11,4,5,1,100,2,11,4,24,8530,17526,33342,21467,777,2502,5,0,0,0,2,12,10,2,67,14968,9
187,6,11,440,546901189,CLASSIC,2868,1517786424438,Fail,200,False,True,True,True,False,29,6,3,2,0,43,11,3,3,2,200,7,7,4,115,69256,1952,12146,21590,1032,22728,3,0,0,0,2,13,7,6,260,17300,10
188,7,11,420,546877583,CLASSIC,1930,1517783887038,Fail,200,False,False,False,False,False,23,2,0,0,0,43,11,4,2,1,200,8,3,4,89,6396,3009,18557,8632,144,0,0,0,0,0,0,1,8,10,45,7400,14
189,0,11,420,546863737,CLASSIC,1810,1517781216429,Fail,100,False,False,True,False,False,12,5,1,0,0,38,10,2,2,1,100,1,11,4,24,2412,5393,16879,8877,554,663,2,0,0,0,1,5,7,2,48,9893,9
190,6,11,420,546789164,CLASSIC,2942,1517761740862,Win,200,True,True,False,False,False,53,7,0,1,2,40,8,4,3,1,200,7,3,4,89,9905,4565,12727,30606,159,461,0,0,0,0,0,1,12,27,55,10800,28
191,4,11,420,546787611,CLASSIC,1636,1517759558975,Win,100,True,True,True,True,True,34,11,2,3,1,20,3,1,0,0,100,5,11,4,24,3254,12498,14506,7555,687,6628,3,0,0,0,0,13,4,4,29,10433,6
192,1,11,420,546776047,CLASSIC,1848,1517757006136,Win,100,True,True,True,True,True,31,11,3,3,1,23,2,1,0,0,100,2,11,4,24,1422,5048,17295,6306,548,6060,3,0,0,0,0,4,6,4,28,10463,4
193,0,11,420,546759840,CLASSIC,1649,1517734927344,Win,100,False,True,False,True,True,31,9,1,2,1,18,1,2,0,0,100,1,11,4,24,3959,9784,14162,8981,646,7188,8,1,1,1,1,12,3,7,46,12958,5
194,3,11,420,546768044,CLASSIC,1523,1517732585558,Win,100,False,True,True,True,True,16,8,3,2,1,16,3,0,0,0,100,4,11,4,24,3415,10005,17512,3787,1039,2005,4,0,0,0,1,7,4,6,37,9718,6
195,8,11,420,546757715,CLASSIC,2251,1517729762438,Fail,200,False,True,False,False,False,21,4,1,0,0,44,11,3,3,1,200,9,11,4,24,2667,8252,24279,8783,628,0,0,0,0,0,0,2,10,4,44,11493,9
196,9,11,420,546746678,CLASSIC,1297,1517728050454,Fail,200,False,False,False,False,False,5,2,0,0,0,29,10,3,2,0,200,10,11,4,24,875,1887,9603,8354,251,0,0,0,0,0,0,0,7,1,21,4925,0
197,4,11,420,546762798,CLASSIC,2717,1517724678865,Win,100,False,False,False,False,False,51,5,0,2,0,39,7,5,1,2,100,5,11,4,24,6797,22360,27854,19253,830,410,2,0,0,0,1,7,15,18,86,15278,14
198,9,11,420,546558005,CLASSIC,1872,1517698585191,Win,200,False,False,False,True,True,34,7,0,1,1,20,1,3,0,0,200,10,11,4,24,2541,7894,18049,6443,472,3032,4,0,0,0,2,9,7,1,37,10333,9
199,7,11,420,546527601,CLASSIC,1748,1517691002418,Fail,200,False,False,False,False,False,14,0,0,0,0,35,11,2,3,0,200,8,11,4,20,4687,1805,19424,15485,248,0,0,0,0,0,0,1,11,9,31,7325,11
200,8,11,420,546475111,CLASSIC,1595,1517671863149,Fail,200,False,False,False,False,True,19,1,0,0,1,31,11,1,3,0,200,9,11,4,32,12622,1783,11391,12191,372,0,2,0,0,0,0,6,5,9,23,8525,11
201,8,11,420,546474566,CLASSIC,198,1517671077888,Win,200,False,False,False,False,False,1,0,0,0,0,1,0,0,0,0,200,9,7,4,115,0,0,0,0,15,0,0,0,0,0,0,0,0,0,14,500,0
202,4,11,420,546420408,CLASSIC,1801,1517635752405,Fail,100,True,True,False,False,False,16,2,0,0,0,37,9,2,3,1,100,5,12,4,98,6642,5341,20252,10276,278,3598,0,0,0,0,0,3,10,6,148,8350,5
203,9,11,420,546416959,CLASSIC,1680,1517633735216,Fail,200,False,False,False,False,False,9,3,0,0,0,25,11,3,3,1,200,10,7,4,18,1397,6658,6443,8482,88,4791,0,0,0,0,0,2,4,0,167,8200,7
204,9,11,420,546394756,CLASSIC,1326,1517631719913,Fail,200,False,False,False,False,False,9,0,0,0,0,31,10,2,2,0,200,10,14,4,53,3462,2725,9852,5815,97,0,2,0,0,0,0,3,5,5,32,4775,7
205,8,11,420,546388836,CLASSIC,2709,1517628551218,Fail,200,True,True,False,False,False,29,7,1,0,1,31,10,4,2,2,200,9,14,4,53,9855,5156,16881,21669,303,2118,0,0,0,0,0,3,6,19,48,11600,34
206,2,11,420,545711391,CLASSIC,1225,1517451935682,Fail,100,True,False,False,False,False,10,0,0,0,0,26,5,2,1,0,100,3,14,4,89,2301,1767,5580,10080,34,0,2,0,0,0,0,3,6,3,35,4725,7
207,6,11,420,545689837,CLASSIC,198,1517451073888,Win,200,False,False,False,False,False,0,0,0,0,0,0,0,0,0,0,200,7,3,4,89,0,0,172,0,2,0,0,0,0,0,0,0,0,0,3,500,0
208,2,11,420,545684752,CLASSIC,2341,1517448187323,Fail,100,True,False,False,False,False,45,6,1,0,0,44,9,3,2,1,100,3,3,4,53,11313,6405,22021,17345,449,2990,2,0,0,0,0,3,9,25,54,11400,24
209,3,11,420,545670926,CLASSIC,2122,1517445621789,Fail,100,True,False,True,False,False,31,2,2,0,0,34,10,3,2,1,100,4,3,4,53,8557,4312,19023,15286,218,0,2,0,0,0,0,3,6,17,53,9500,23
210,2,11,420,545586858,CLASSIC,2249,1517428951865,Fail,100,False,True,False,False,False,29,4,0,0,0,37,11,4,3,2,100,3,3,4,89,7299,3831,16345,10648,205,262,0,0,0,0,0,3,9,18,54,9700,24
211,6,11,420,545594200,CLASSIC,1303,1517427142450,Fail,200,False,True,False,False,False,4,1,0,0,0,24,7,1,1,0,200,7,11,4,32,4353,1141,10227,6126,316,376,0,0,0,0,0,0,4,2,28,5475,7
212,2,11,420,545303461,CLASSIC,1392,1517366005972,Fail,100,True,False,False,False,False,14,0,0,0,0,24,9,2,2,0,100,3,3,4,412,4624,1391,6935,9940,72,141,2,0,0,0,0,4,6,6,26,5475,4
213,2,11,420,545209439,CLASSIC,1696,1517363925176,Fail,100,False,False,False,False,False,13,2,1,0,0,27,9,3,2,1,100,3,3,4,20,4356,655,19287,4272,375,1162,0,0,0,0,0,0,6,7,41,5500,9
214,6,11,420,545211783,CLASSIC,1266,1517359879253,Fail,200,True,False,True,False,False,8,0,1,0,0,28,11,0,3,0,200,7,12,4,98,4688,4576,13222,4984,230,0,0,0,0,0,0,2,7,5,96,5150,5
215,1,11,420,545201087,CLASSIC,200,1517359171613,Win,100,False,False,False,False,False,0,0,0,0,0,0,0,0,0,0,100,2,3,4,89,139,187,403,204,2,0,0,0,0,0,0,0,0,0,5,500,0
216,6,11,420,545186234,CLASSIC,2211,1517356261151,Win,200,True,True,True,True,True,44,10,3,2,1,28,2,0,0,0,200,7,3,4,89,6635,4233,17033,11118,165,1553,4,0,0,0,0,4,4,24,61,10775,28
217,1,11,420,545147541,CLASSIC,1751,1517350361025,Fail,100,True,False,False,False,False,19,1,0,0,0,40,11,3,2,1,100,2,3,4,12,6505,1573,20512,8114,133,250,0,0,0,0,0,4,9,9,35,6975,18
218,5,11,420,545162779,CLASSIC,2376,1517347264348,Fail,200,True,False,True,False,True,29,5,2,0,2,53,9,3,2,0,200,6,12,4,98,11011,7341,17407,23608,505,2246,3,0,0,0,0,8,7,13,187,13770,10
219,3,11,420,545127976,CLASSIC,1918,1517343980870,Win,100,False,True,False,True,True,32,8,1,1,1,25,3,2,0,0,100,4,3,4,89,5744,2743,15876,6974,119,1668,0,0,0,0,0,1,5,19,53,8625,20
220,1,11,420,543137625,CLASSIC,1565,1516826613153,Fail,100,True,False,False,False,False,19,0,0,0,0,36,9,3,1,1,100,2,3,4,89,3285,1860,12409,9896,58,0,2,0,0,0,0,2,7,9,49,6075,14
221,7,11,420,543133599,CLASSIC,2190,1516823825569,Win,200,True,True,False,True,True,37,11,2,3,2,27,2,1,0,0,200,8,3,4,89,5132,2360,15832,10450,83,529,0,0,0,0,0,2,7,17,51,9900,20
222,5,11,420,542707304,CLASSIC,1922,1516738040193,Win,200,True,True,True,False,True,36,10,3,2,1,18,4,0,1,0,200,6,3,4,89,3935,2718,10822,6792,186,1794,2,0,0,0,0,4,5,16,47,9025,17
223,8,11,420,542712951,CLASSIC,1485,1516736091423,Win,200,False,True,True,True,False,17,7,3,1,0,12,2,0,0,0,200,9,3,4,12,3229,1171,9451,2362,89,258,0,0,0,0,0,0,5,5,36,5550,6
224,9,11,440,542544364,CLASSIC,1781,1516675293812,Win,200,True,True,True,True,True,38,10,2,2,1,15,0,1,0,0,200,10,3,4,89,8079,3169,8786,14503,134,1186,3,0,0,0,0,4,2,24,53,9400,4
225,6,11,440,542538601,CLASSIC,1722,1516673094026,Win,200,True,True,True,True,True,26,11,2,3,1,17,0,1,0,0,200,7,12,4,98,8128,7207,14757,10721,289,2583,3,0,0,0,0,6,3,13,161,10950,3
226,4,11,440,542532592,CLASSIC,1121,1516669870565,Win,100,False,True,True,False,False,21,5,1,0,0,6,0,0,0,0,100,5,3,4,89,2436,1728,4654,5813,42,1394,0,0,0,0,0,1,1,9,64,5750,1
227,4,11,440,542458621,CLASSIC,2322,1516667105446,Fail,100,False,True,True,False,False,41,7,3,0,0,31,10,1,1,2,100,5,12,4,98,16852,8232,20310,16402,871,4523,3,0,0,0,0,6,4,9,209,13550,8
228,5,11,440,542204172,CLASSIC,1409,1516590016217,Fail,200,False,False,False,False,False,13,1,1,0,0,28,8,1,1,1,200,6,12,4,98,1235,1902,12517,6228,176,582,0,0,0,0,0,0,5,6,127,6300,7
229,8,11,450,542179166,ARAM,1228,1516587074761,Fail,200,False,False,False,False,False,39,0,0,0,0,43,4,0,1,0,200,9,6,4,13,18358,1517,10645,17329,52,0,2,0,0,0,0,6,11,16,35,10440,0
230,1,11,440,542131939,CLASSIC,2089,1516576554211,Win,100,False,True,False,True,False,29,11,2,3,0,20,2,1,0,1,100,2,3,4,89,3626,1586,9977,6926,101,2655,0,0,0,0,0,0,3,15,46,9225,11
231,6,11,440,542097733,CLASSIC,2099,1516573858363,Fail,200,False,True,False,False,True,25,5,1,0,1,40,9,3,2,1,200,7,3,4,89,4899,2490,12199,14194,149,99,0,0,0,0,0,1,10,10,45,8950,9
232,0,11,440,541935146,CLASSIC,2328,1516548854743,Win,100,False,False,False,True,True,41,9,2,3,1,42,6,2,0,1,100,1,3,4,12,6047,2087,24272,4663,151,2102,0,0,0,0,0,2,9,20,49,10075,12
233,2,11,440,541933855,CLASSIC,1231,1516546905328,Win,100,True,True,True,False,False,16,6,2,0,0,8,0,0,0,0,100,3,3,4,115,11076,837,7123,1398,429,13998,0,0,0,0,0,1,2,6,121,6835,1
234,5,11,440,541952106,CLASSIC,1532,1516544858231,Fail,200,False,False,False,False,False,13,1,0,0,0,32,11,2,3,0,200,6,12,4,98,8057,6152,18847,7526,261,2102,3,0,0,0,1,4,6,1,99,6350,0
235,5,11,440,541950992,CLASSIC,2061,1516542210366,Win,200,False,False,True,True,False,38,11,3,3,0,28,3,0,0,1,200,6,3,4,89,4898,3398,11638,6782,472,797,3,0,0,0,0,4,3,18,58,10400,7
236,6,11,440,541929950,CLASSIC,2702,1516538961679,Win,200,False,False,False,False,True,50,6,1,2,1,37,11,4,7,1,200,7,3,4,89,9272,4590,28596,8115,449,817,0,0,0,0,0,1,9,30,55,12075,9
237,2,11,440,541929411,CLASSIC,1774,1516536751038,Fail,100,False,False,True,False,False,9,1,1,0,0,27,10,2,2,1,100,3,3,4,89,3326,1243,7261,6811,86,158,0,0,0,0,0,1,5,7,49,7125,7
238,9,11,440,541909590,CLASSIC,1816,1516534457574,Win,200,True,True,True,True,True,33,11,1,3,1,18,2,1,0,0,200,10,3,4,89,6299,4095,13116,6876,215,634,0,0,0,0,0,2,5,20,52,9750,9
239,5,11,440,541928502,CLASSIC,1637,1516532029251,Fail,200,False,True,True,False,False,13,2,1,0,0,32,10,2,2,1,200,6,14,4,98,4842,4312,15105,7655,237,1544,3,0,0,0,1,4,8,2,108,7450,2
240,3,11,440,541903948,CLASSIC,2015,1516517922733,Win,100,True,False,False,True,False,28,7,1,1,0,23,5,1,0,0,100,4,14,4,98,16355,20231,26678,9933,346,4673,7,0,0,0,0,11,3,13,206,12125,5
241,7,11,440,541921643,CLASSIC,1614,1516515939859,Fail,200,True,False,False,False,False,25,2,0,0,0,44,10,3,1,0,200,8,3,4,89,5598,2709,12093,10080,159,461,0,0,0,0,0,3,8,10,51,7950,8
242,6,11,440,541889808,CLASSIC,1686,1516513887210,Win,200,False,True,True,True,False,38,11,2,3,0,14,0,0,0,0,200,7,11,4,32,8262,1473,15557,8775,1041,614,2,0,0,0,0,4,3,12,34,10700,10
243,6,11,440,541878182,CLASSIC,1282,1516512243782,Fail,200,False,False,False,False,False,7,0,0,0,0,25,8,1,1,1,200,7,11,4,32,6955,721,10263,4440,95,0,0,0,0,0,0,1,4,4,18,5175,6
244,1,11,440,541801770,CLASSIC,2542,1516488029655,Fail,100,True,False,False,False,False,27,6,0,0,0,38,9,5,2,1,100,2,11,4,32,13749,1618,25042,25945,2167,0,0,0,0,0,0,3,12,9,39,12200,11
245,1,11,440,541776032,CLASSIC,1649,1516484173035,Win,100,True,True,True,True,False,35,9,2,2,0,13,1,0,0,0,100,2,12,4,98,7322,7057,14274,3216,294,2190,3,0,0,0,0,4,2,7,163,9200,4
246,3,11,440,541762265,CLASSIC,1701,1516481684473,Fail,100,True,False,True,False,False,31,2,3,0,0,34,9,0,2,1,100,4,3,4,12,5420,1946,17753,9382,201,0,0,0,0,0,0,0,7,17,33,7550,14
247,6,11,440,541727211,CLASSIC,1470,1516478272209,Win,200,False,True,True,True,True,21,10,2,2,1,13,1,0,0,0,200,7,3,4,53,4745,3186,7983,6149,103,1952,0,0,0,0,0,0,4,7,55,7550,5
248,9,11,440,541736288,CLASSIC,193,1516477699122,Win,200,False,False,False,False,False,0,0,0,0,0,0,0,0,0,0,200,10,7,4,115,0,0,0,0,0,56,0,0,0,0,0,0,0,0,11,500,0
249,1,11,440,541713322,CLASSIC,1760,1516475455540,Win,100,False,True,True,True,False,27,10,2,3,0,17,2,0,0,0,100,2,3,4,89,4295,3256,9680,4274,157,1148,0,0,0,0,0,4,5,7,59,8200,7
250,0,11,440,541573023,CLASSIC,1901,1516426465527,Win,100,True,True,True,True,True,31,11,2,3,1,19,4,1,0,0,100,1,3,4,89,5116,4175,12912,10613,141,1832,0,0,0,0,0,1,2,17,59,9000,7
251,6,11,420,541529594,CLASSIC,2190,1516423485553,Win,200,False,False,False,True,False,24,8,2,2,0,26,6,3,0,1,200,7,11,4,32,9904,1807,17525,10128,724,273,2,0,0,0,0,5,5,14,24,11100,12
252,2,11,440,541533305,CLASSIC,1867,1516419798967,Win,100,False,False,True,True,False,36,9,3,2,0,20,3,0,0,0,100,3,3,4,89,6593,3150,13513,6020,151,1090,0,0,0,0,0,1,3,21,58,10650,7
253,6,11,440,541519998,CLASSIC,1295,1516418121768,Win,200,False,True,True,False,False,21,5,2,0,0,12,1,0,0,0,200,7,3,4,115,13389,1359,7678,1934,295,23664,4,0,0,0,0,5,3,9,111,6750,2
254,7,11,440,541183862,CLASSIC,1791,1516333157376,Win,200,False,True,False,True,False,30,8,1,2,0,8,3,1,0,0,200,8,11,4,32,14593,2438,16201,9535,1351,1510,3,0,0,0,1,7,2,15,46,10370,1
255,5,11,440,541163981,CLASSIC,1598,1516328227756,Win,200,False,True,True,True,True,34,11,2,2,1,23,2,0,0,0,200,6,12,4,98,8364,8244,16654,4988,264,4246,2,0,0,0,0,4,6,9,127,10050,4
256,2,11,440,541143216,CLASSIC,200,1516327551412,Win,100,True,False,False,False,False,1,0,0,0,0,0,0,0,0,0,100,3,11,4,32,170,123,770,345,1,0,0,0,0,0,0,0,0,1,0,500,0
257,5,11,440,541128559,CLASSIC,2032,1516325110754,Win,200,True,False,False,False,False,37,4,1,0,0,39,8,2,2,1,200,6,11,4,32,11059,1796,17163,7247,731,1095,2,0,0,0,0,3,8,9,52,10450,12
258,1,11,440,541124483,CLASSIC,1709,1516322736411,Fail,100,False,False,True,False,False,16,0,1,0,0,31,10,2,2,0,100,2,12,4,98,12390,8037,22991,8623,401,0,4,0,0,0,1,8,8,5,94,8375,9
259,8,11,440,541111463,CLASSIC,1286,1516320920626,Fail,200,True,False,False,False,False,8,0,0,0,0,20,6,2,0,0,200,9,11,4,32,4771,1143,12832,3745,107,0,0,0,0,0,0,2,3,5,25,5400,7
260,5,11,440,541108004,CLASSIC,1336,1516319021468,Win,200,True,True,True,True,False,30,9,2,1,0,10,1,0,0,0,200,6,12,4,98,9332,8014,14320,3179,322,4489,8,0,0,0,0,9,1,13,111,8950,4
261,5,11,440,541102574,CLASSIC,1573,1516315580237,Fail,200,False,True,False,False,False,12,2,0,0,0,33,10,3,2,0,200,6,12,4,98,5074,5245,11994,10343,255,1767,0,0,0,0,0,3,5,5,87,6400,8
262,0,11,440,540346749,CLASSIC,1681,1516131919209,Win,100,True,True,True,True,True,37,11,2,3,1,16,0,0,0,0,100,1,11,4,32,6597,1308,14485,7177,713,1147,2,0,0,0,0,4,3,14,32,8800,4
263,5,11,440,540342855,CLASSIC,1910,1516129617739,Fail,200,False,False,True,False,False,13,3,1,0,0,25,9,3,2,1,200,6,7,4,81,7663,13737,10000,7495,375,1212,2,0,0,0,0,3,4,7,120,8250,5
264,9,11,440,540330756,CLASSIC,992,1516128176341,Win,200,True,True,True,True,False,22,6,1,1,0,7,0,0,0,0,200,10,3,4,89,1067,1461,5083,1442,33,1299,0,0,0,0,0,0,2,6,26,4825,3
265,7,11,400,540282777,CLASSIC,1671,1516122353040,Fail,200,False,False,False,False,False,16,0,2,0,0,25,11,1,4,1,200,8,12,4,98,5386,5013,18941,2143,318,1513,0,0,0,0,0,2,6,6,134,7700,5
266,9,10,430,540163634,CLASSIC,2105,1516083875772,Win,200,True,True,True,True,True,40,9,4,4,1,33,3,0,0,0,200,10,12,4,516,8397,8234,23463,10527,702,6445,3,0,0,0,1,3,9,10,150,10750,5
267,5,10,430,540151175,CLASSIC,1220,1516081250440,Win,200,True,True,True,False,False,22,5,2,0,0,10,0,0,0,0,200,6,12,4,516,7725,3160,5561,7859,146,2873,3,0,0,1,1,4,3,13,87,5820,3
268,9,10,430,540139406,CLASSIC,937,1516079828939,Fail,200,False,False,False,False,False,3,0,0,0,0,20,2,1,0,0,200,10,12,4,516,2262,1051,6089,2824,128,0,0,0,0,0,0,0,4,0,52,3050,3
269,6,10,420,539853572,CLASSIC,2439,1515992267617,Win,200,True,True,True,True,True,53,11,5,4,2,40,1,0,0,0,200,7,3,4,89,8343,4160,21004,15278,245,2876,2,0,0,0,0,2,12,26,33,12200,8
270,4,10,420,539830171,CLASSIC,2282,1515989487832,Fail,100,False,False,True,False,False,29,5,2,0,0,44,9,2,2,2,100,5,3,4,89,5663,2379,15111,7603,118,438,0,0,0,0,0,0,10,14,89,10900,21
271,0,10,420,539786675,CLASSIC,1748,1515987298803,Win,100,True,True,True,True,False,47,10,3,2,0,23,0,0,0,0,100,1,3,4,89,6176,4056,11385,4134,446,1643,0,0,0,0,0,1,3,24,39,7900,10
272,7,10,420,539764737,CLASSIC,1760,1515980366852,Win,200,True,True,True,True,False,50,9,2,1,0,32,2,0,0,1,200,8,3,4,89,5637,2954,14419,2466,168,1456,0,0,0,0,0,2,5,21,44,9400,8
273,3,10,430,539741778,CLASSIC,1540,1515978228726,Win,100,True,False,True,True,True,46,10,3,3,1,23,3,0,0,0,100,4,14,4,238,748,11312,9009,5965,163,5179,2,0,0,0,0,8,8,11,87,9700,5
274,3,10,430,539733287,CLASSIC,1688,1515972797624,Win,100,True,False,True,True,False,57,9,1,1,0,30,1,0,0,0,100,4,14,4,63,31977,1751,11194,4907,379,4797,8,0,0,0,3,16,3,17,124,10900,5
275,7,10,430,539721651,CLASSIC,915,1515971532499,Win,200,False,True,False,False,False,11,4,0,0,0,5,0,0,0,0,200,8,12,4,86,1455,6089,6145,3486,43,3117,0,0,0,0,0,1,1,4,81,5000,2
276,1,10,420,539688460,CLASSIC,1374,1515969546863,Win,100,True,True,True,True,False,32,8,1,1,0,16,2,0,0,0,100,2,3,4,89,3791,2634,9731,2759,66,1542,0,0,0,0,0,1,2,19,48,7475,9
277,6,10,430,539254932,CLASSIC,2424,1515822166634,Fail,200,False,False,True,False,True,44,3,3,0,1,46,9,0,3,1,200,7,12,4,516,9853,4624,28584,12629,457,2618,0,0,0,0,0,3,12,7,158,11380,13
278,9,10,420,539238292,CLASSIC,2012,1515817137683,Win,200,True,True,True,True,True,39,11,3,3,2,33,3,1,0,0,200,10,3,4,12,8261,1590,16113,8909,185,1215,0,0,0,0,1,4,9,15,46,10150,18
279,3,10,420,539215652,CLASSIC,1682,1515815051190,Fail,100,False,True,False,False,False,21,4,0,0,0,31,10,3,1,1,100,4,3,4,89,4183,2051,10941,8120,110,650,2,0,0,0,0,2,7,10,46,7550,14
280,2,10,420,538172094,CLASSIC,1857,1515529805701,Fail,100,False,False,False,False,False,17,4,0,0,0,29,9,3,2,1,100,3,3,4,89,4178,2199,13513,6540,100,641,0,0,0,0,0,1,5,9,40,7975,13
281,5,10,420,537638700,CLASSIC,1561,1515379771479,Win,200,False,False,False,True,True,33,9,1,2,1,13,1,2,0,0,200,6,3,4,12,5801,2123,10592,2486,407,1336,3,0,0,0,0,3,1,18,40,7575,9
282,9,10,420,537565275,CLASSIC,2261,1515363641114,Fail,200,False,False,False,False,True,33,4,0,0,1,50,11,4,2,1,200,10,3,4,89,5789,2947,16330,9393,123,169,0,0,0,0,0,1,10,17,44,9975,27
283,7,10,420,537570737,CLASSIC,1421,1515360395365,Win,200,True,True,True,True,False,35,7,1,1,0,13,0,0,0,0,200,8,12,4,98,4959,4510,8854,5309,237,5195,2,0,0,0,0,2,2,15,118,8550,6
284,6,10,420,537543501,CLASSIC,1738,1515355091298,Fail,200,False,False,False,False,False,23,2,0,0,0,42,10,3,1,1,200,7,3,4,12,4732,1810,16614,8056,702,704,0,0,0,0,0,1,10,8,50,7525,12
285,9,10,420,537449520,CLASSIC,1728,1515309562744,Win,200,True,True,True,True,True,31,11,3,2,1,14,1,0,0,0,200,10,3,4,53,7430,4085,8819,9078,125,2422,4,0,0,0,1,5,3,14,27,10450,9
286,9,10,420,537429390,CLASSIC,1588,1515307116016,Win,200,False,False,True,True,True,27,9,2,2,1,10,3,0,0,0,200,10,3,4,89,3847,2186,10541,2758,72,1471,0,0,0,0,0,0,1,15,49,7300,9
287,2,10,420,537431174,CLASSIC,1564,1515300475901,Win,100,False,True,False,True,True,34,10,1,2,1,21,2,2,0,0,100,3,3,4,89,3442,2660,12855,3864,102,1142,0,0,0,0,0,2,3,21,36,6675,9
288,7,10,420,537418111,CLASSIC,1693,1515298277993,Win,200,True,False,False,True,True,46,10,1,2,1,22,1,2,0,0,200,8,3,4,89,5587,2561,10898,4425,111,1020,3,0,0,0,0,5,3,27,36,9525,11
289,5,10,420,537393075,CLASSIC,1618,1515293661959,Win,200,False,True,True,True,True,36,9,2,2,1,26,4,0,0,0,200,6,3,4,89,3595,2094,11583,3188,82,344,0,0,0,0,0,1,2,21,48,7425,10
290,4,10,420,537285315,CLASSIC,1989,1515281277684,Fail,100,False,True,True,False,False,27,4,2,0,0,31,8,2,1,1,100,5,3,4,89,5662,3144,14625,9525,499,909,2,0,0,0,0,4,6,18,49,10800,14
291,9,10,420,537262279,CLASSIC,2513,1515277630881,Win,200,False,True,False,False,True,59,10,1,3,2,53,8,4,3,0,200,10,3,4,89,17295,6217,32135,5522,1763,1544,2,0,0,0,0,5,11,32,67,14125,10
292,0,10,420,537239120,CLASSIC,1724,1515275158690,Win,100,True,False,False,True,False,24,8,0,1,0,15,2,2,0,0,100,1,3,4,89,5100,1965,11793,3792,96,1706,0,0,0,0,0,0,3,15,51,8325,12
293,5,10,420,537243965,CLASSIC,1726,1515272396651,Win,200,False,True,False,True,False,39,7,2,2,0,24,2,1,0,1,200,6,3,4,89,6188,3967,9084,1412,279,2080,2,0,0,0,0,4,2,24,56,8600,10
294,6,10,420,537250060,CLASSIC,1301,1515269571389,Win,200,True,True,True,True,False,25,10,2,2,0,9,0,0,0,0,200,7,3,4,89,2355,1461,8128,1946,48,1421,0,0,0,0,0,1,1,10,34,7200,8
295,5,10,420,537209658,CLASSIC,1106,1515268065606,Fail,200,True,False,False,False,False,9,0,0,0,0,25,11,1,3,0,200,6,3,4,89,1930,1849,11820,3687,66,0,0,0,0,0,0,2,6,5,36,3725,6
296,8,10,440,537125864,CLASSIC,2113,1515213867678,Fail,200,False,True,True,False,False,32,6,2,0,0,34,10,2,2,1,200,9,12,4,98,15889,10647,18680,12717,443,2138,3,0,0,0,1,7,4,18,150,10750,11
297,4,10,440,537132614,CLASSIC,1445,1515211689374,Fail,100,True,False,False,False,False,9,1,0,0,0,26,3,2,0,0,100,5,7,4,115,11181,1493,6876,3555,348,713,0,0,0,0,0,1,5,4,134,6085,9
298,8,10,1010,533563121,SNOWURF,1316,1514236910529,Win,200,True,False,True,True,True,55,8,3,1,1,53,6,0,0,0,200,9,39,4,122,0,11622,14369,19701,157,26,3,0,0,0,0,9,11,14,36,14200,6
299,4,10,1010,533284943,SNOWURF,1509,1514154728890,Fail,100,True,False,True,False,False,59,8,2,0,0,55,7,1,1,1,100,5,39,4,81,29961,5209,10960,10129,116,2420,4,0,0,0,0,10,11,13,116,14785,0
300,7,10,1010,533291158,SNOWURF,1946,1514152453310,Win,200,True,False,True,True,True,62,11,4,3,2,64,3,0,0,0,200,8,39,4,2,899,16097,19864,31850,743,1976,2,0,0,0,0,8,15,13,48,17800,10
301,9,10,1010,533257177,SNOWURF,1126,1514149930556,Win,200,False,False,True,True,False,48,9,2,2,0,45,3,0,0,0,200,10,39,4,119,307,15023,15229,2779,168,5576,5,0,0,1,1,11,10,8,69,13900,1
302,1,10,1010,533273124,SNOWURF,1381,1514148101488,Win,100,False,False,True,True,True,62,10,3,3,1,30,5,0,0,0,100,2,39,4,119,1586,20343,14076,14122,151,4064,4,0,0,0,0,9,9,18,69,15380,3
303,6,10,1010,533116763,SNOWURF,1270,1514090020556,Win,200,False,True,True,True,False,63,10,3,2,0,44,2,0,0,0,200,7,4,39,115,27333,388,6975,7155,353,17946,4,0,0,0,2,11,9,17,89,14300,2
304,6,10,1010,533114222,SNOWURF,1227,1514088525900,Fail,200,False,False,True,True,False,25,6,1,1,0,42,11,1,3,0,200,7,4,39,20,6817,194,5719,19781,256,1765,0,0,0,0,0,1,12,4,44,9950,2
305,8,9,440,506791870,CLASSIC,1408,1507863159917,Win,200,True,True,False,True,False,29,7,0,2,0,15,3,2,0,0,200,9,3,4,89,2795,2449,9234,3220,96,1525,2,0,0,0,0,2,1,14,40,6750,7
306,3,9,440,506777982,CLASSIC,1605,1507860983495,Fail,100,True,False,False,False,False,6,1,0,0,0,21,6,2,1,0,100,4,11,4,32,5002,940,22037,3455,363,0,0,0,0,0,0,1,5,3,38,7850,11
307,0,9,440,506562616,CLASSIC,2060,1507777759859,Fail,100,True,False,True,False,True,21,4,1,0,1,44,11,3,3,0,100,1,12,4,58,379,9850,27224,7913,61,3453,2,0,0,0,0,4,7,3,181,11250,9
308,7,9,440,506457721,CLASSIC,1750,1507774688726,Win,200,False,True,True,True,True,37,10,2,2,1,19,1,0,0,0,200,8,11,4,32,11659,1918,18004,9216,689,1245,3,0,0,0,0,6,4,15,19,10700,10
309,5,9,440,506454326,CLASSIC,1515,1507772797272,Fail,200,True,False,False,False,False,24,0,1,0,0,33,11,1,3,1,200,6,11,4,32,9374,1407,14082,9939,476,546,0,0,0,0,0,3,8,10,28,7500,10
310,5,9,440,506440429,CLASSIC,1736,1507770486123,Win,200,False,False,False,True,False,26,7,1,2,0,20,3,2,0,0,200,6,11,4,32,10793,2079,17230,7437,826,2141,2,0,0,0,0,6,3,17,45,10100,11
311,2,9,440,505490339,CLASSIC,2108,1507517709250,Fail,100,False,False,True,False,False,9,2,1,0,0,46,11,3,3,1,100,3,1,4,18,2262,12302,13411,13699,79,3023,0,0,0,0,0,3,7,4,163,10250,9
312,6,9,440,505464678,CLASSIC,2259,1507514699512,Fail,200,True,True,True,False,False,29,4,2,0,0,38,11,2,3,1,200,7,12,4,98,11659,9061,16589,17499,403,2092,4,0,0,0,0,6,5,15,162,11200,13
313,1,9,990,496497303,STARGUARDIAN,996,1505271776269,Fail,100,True,False,False,False,False,122,0,0,0,0,0,0,0,0,0,100,2,7,4,16,17039,4248,20219,8705,335,0,3,0,0,0,0,8,12,92,0,7300,0
314,4,9,990,496525685,STARGUARDIAN,861,1505270741876,Fail,100,True,False,False,False,False,90,0,0,0,0,0,0,0,0,0,100,5,7,21,81,9614,25703,7821,6892,284,0,10,0,0,0,1,15,7,63,0,6400,0
315,4,9,980,496524457,STARGUARDIAN,1134,1505269358868,Win,100,True,False,False,False,False,136,0,0,0,0,0,0,0,0,0,100,5,7,4,99,43789,7985,10339,23740,245,0,14,0,0,2,6,28,6,74,0,10600,0
316,1,9,400,480830485,CLASSIC,2330,1501443356704,Win,100,True,True,True,True,True,40,9,4,1,2,37,6,0,0,0,100,2,3,4,53,8418,3376,17045,11255,229,2743,0,0,0,0,0,1,6,12,77,11600,21
317,5,9,440,478857359,CLASSIC,2516,1500973218074,Win,200,False,True,True,True,True,46,10,4,1,1,37,5,0,0,0,200,6,1,4,115,48856,1207,12482,10587,642,36959,2,0,0,0,0,8,7,19,222,16675,12
318,8,9,440,478857136,CLASSIC,1713,1500970956779,Fail,200,True,False,True,False,False,36,2,2,0,0,41,11,1,2,1,200,9,12,4,98,8671,6886,18709,10039,876,1202,5,0,0,0,1,11,5,15,125,10475,10
319,2,9,440,478885884,CLASSIC,2313,1500967988243,Fail,100,True,False,False,False,False,43,4,0,0,0,59,10,4,3,1,100,3,12,4,98,11457,8494,26510,20870,776,528,2,0,0,0,0,7,10,20,111,11500,13
320,6,9,400,475399005,CLASSIC,2530,1500157739391,Win,200,True,True,False,True,True,59,10,2,3,2,41,5,3,0,0,200,7,11,6,120,7155,15637,30278,18295,273,3443,2,0,0,0,1,5,12,29,66,13058,12
321,7,9,440,468347568,CLASSIC,1667,1498414419610,Fail,200,False,False,False,False,False,21,1,1,0,0,46,11,2,3,1,200,8,11,4,62,881,9705,14457,9407,234,0,0,0,0,0,0,4,10,7,53,8100,9
322,5,9,2,468313209,CLASSIC,2475,1498366754969,Fail,200,False,True,False,False,False,49,6,2,0,1,41,10,3,4,1,200,6,21,4,115,39015,2028,17512,11323,537,20460,3,0,0,0,1,10,11,18,181,14535,11
323,6,9,2,468310770,CLASSIC,1869,1498364517927,Fail,200,True,False,False,False,False,34,4,0,0,0,41,9,3,3,0,200,7,11,4,113,5625,7732,23147,19320,265,682,0,0,0,0,0,2,10,17,28,8800,10
324,6,9,2,460955069,CLASSIC,1668,1496369520221,Fail,200,False,False,False,False,False,23,4,0,0,0,56,9,2,2,0,200,7,3,4,201,4916,2188,19584,5303,518,445,2,0,0,0,0,2,12,15,30,8125,13
325,6,9,440,458757479,CLASSIC,1667,1495761000958,Win,200,True,True,True,True,True,28,8,3,1,1,12,3,0,0,0,200,7,12,4,98,5556,4802,14482,3911,353,2385,2,0,0,0,0,7,3,5,95,8650,5
326,6,9,440,458755698,CLASSIC,2763,1495757562495,Fail,200,False,False,True,False,True,41,9,1,1,1,36,9,4,2,1,200,7,11,4,32,12538,1466,30064,14320,1151,471,2,0,0,0,0,2,6,17,45,14300,21
327,3,9,2,457771259,CLASSIC,2481,1495416213469,Win,100,True,True,False,True,True,44,9,1,2,1,36,6,3,0,0,100,4,11,4,32,17741,1700,27361,7710,1593,733,2,0,0,0,0,4,8,23,31,13325,20
328,3,9,2,457765917,CLASSIC,934,1495414748790,Win,100,False,True,False,True,False,13,8,0,2,0,5,0,0,0,0,100,4,14,4,122,275,4678,8327,2565,100,398,2,0,0,0,0,2,3,4,96,3950,4
329,5,9,65,457337669,ARAM,1449,1495328781210,Fail,200,False,False,False,False,False,43,1,0,0,0,50,4,0,3,0,200,6,21,4,34,29253,2722,8190,22237,1611,435,4,0,0,0,3,13,8,21,64,12450,0
330,3,9,440,430522969,CLASSIC,2430,1488333457628,Fail,100,True,False,True,False,False,26,5,1,0,0,25,9,3,1,2,100,4,12,4,98,12619,9766,27957,22825,558,0,0,0,0,0,0,4,8,17,128,11500,12
331,3,9,440,430511546,CLASSIC,2108,1488330322355,Fail,100,False,False,False,False,True,24,3,0,0,1,27,11,4,4,0,100,4,12,4,98,7385,5743,21748,8222,369,0,0,0,0,0,0,3,8,11,150,10150,11
332,3,9,440,430337052,CLASSIC,2373,1488320548199,Fail,100,False,False,False,False,False,22,0,1,0,0,43,10,3,2,2,100,4,3,4,201,7554,1256,24802,14564,776,0,0,0,0,0,0,0,7,10,48,8325,18
333,7,9,440,430323486,CLASSIC,2523,1488312515862,Win,200,True,False,True,True,False,42,9,3,2,0,42,5,1,0,0,200,8,11,4,32,21224,2193,20584,34193,1197,0,2,0,0,0,2,6,7,18,58,16820,17
334,7,9,440,430341829,CLASSIC,1811,1488309847902,Fail,200,False,True,True,False,False,11,3,1,0,0,27,11,2,3,0,200,8,3,4,53,3819,1374,12405,9778,104,0,0,0,0,0,0,1,6,4,61,7085,12
335,8,9,440,429977348,CLASSIC,2514,1488248111186,Win,200,True,True,False,True,True,18,9,2,1,1,20,4,3,0,0,200,9,21,4,115,28399,695,5231,13868,715,0,2,0,0,0,0,3,3,7,256,14050,18
336,8,9,440,429966531,CLASSIC,1563,1488245715910,Fail,200,True,True,False,False,False,13,2,0,0,0,32,8,2,2,1,200,9,21,4,115,11325,1366,5942,8098,362,0,0,0,0,0,0,1,8,5,130,6700,8
337,9,9,440,428202225,CLASSIC,1564,1487890709075,Fail,200,False,False,True,False,False,15,0,1,0,0,24,9,2,1,0,200,10,12,4,98,2925,4547,13221,3796,493,0,2,0,0,0,0,3,4,8,118,7200,9
338,9,9,2,427294142,CLASSIC,2173,1487701873835,Win,200,True,False,False,True,True,56,11,1,3,1,33,3,2,0,0,200,10,21,4,96,36266,3154,21430,4792,1055,0,7,0,0,0,3,22,8,10,171,17410,12
339,9,9,600,422520105,ASSASSINATE,763,1486679742314,Win,200,False,True,False,False,False,43,6,0,0,0,43,6,0,0,0,200,10,14,4,105,12802,2556,15004,2412,540,0,2,0,0,0,1,6,10,16,7,16200,5
340,9,9,440,420094559,CLASSIC,1989,1486088522176,Win,200,False,False,True,True,True,29,8,2,1,1,27,6,2,0,0,200,10,12,4,98,4264,5623,17701,12486,363,0,3,0,0,0,1,4,4,12,138,9475,12
341,4,9,440,420075014,CLASSIC,1512,1486086231881,Win,100,False,False,True,True,False,29,8,2,2,0,13,2,0,0,0,100,5,21,4,115,13395,1075,5499,5837,255,0,4,0,0,0,1,7,4,5,143,7950,9
342,8,9,65,420040162,ARAM,2214,1486068713259,Win,200,False,False,False,True,False,67,4,0,2,0,68,2,0,1,0,200,9,21,4,34,47153,1855,27710,15712,1476,0,3,0,0,0,0,6,7,34,91,15050,0
343,2,9,2,419997730,CLASSIC,1938,1486066336357,Win,100,True,False,True,True,True,53,6,3,1,2,24,6,0,1,0,100,3,14,4,55,17008,2594,14707,7217,7,0,7,0,0,0,1,11,9,11,138,11425,11
344,8,9,65,419908309,ARAM,1701,1486057953647,Fail,200,True,False,False,False,False,54,0,0,0,0,64,4,0,1,0,200,9,32,4,25,35647,984,10084,19563,184,0,3,0,0,0,1,10,10,25,48,14350,0
345,3,9,440,419444010,CLASSIC,2007,1485916257574,Fail,100,False,True,True,False,False,24,3,1,0,0,40,10,2,2,0,100,4,21,4,115,20063,2541,12180,5565,488,0,4,0,0,0,2,7,7,5,201,11650,9
346,9,9,440,418954113,CLASSIC,2352,1485815708792,Fail,200,False,False,False,False,False,37,3,0,0,0,45,11,5,4,1,200,10,12,4,58,5573,13297,45691,19262,527,0,5,0,0,1,1,8,12,8,202,13125,14
347,4,9,440,418981008,CLASSIC,1858,1485813148103,Fail,100,True,True,True,True,False,21,8,2,1,0,31,7,1,1,0,100,5,12,4,98,5811,4271,10445,10855,200,0,3,0,0,0,0,4,4,8,119,9570,9
348,8,9,440,418651455,CLASSIC,1880,1485732295551,Win,200,False,True,True,True,True,35,10,1,2,1,37,2,2,0,0,200,9,12,4,98,3841,4011,15185,10267,365,0,3,0,0,0,0,3,9,15,74,10275,11
349,9,9,2,418601072,CLASSIC,1226,1485714602203,Win,200,True,True,True,False,False,20,4,2,0,0,15,3,0,0,0,200,10,21,4,99,10784,1864,2935,4580,283,0,6,0,0,0,1,9,4,1,109,8700,4
350,4,9,2,418291718,CLASSIC,1807,1485636434424,Win,100,True,True,True,True,False,44,10,1,3,0,22,1,0,0,0,100,5,12,4,420,869,14250,15832,9524,183,0,2,0,0,0,0,4,9,15,93,9400,3
351,8,9,420,411337619,CLASSIC,2589,1483909341750,Fail,200,False,False,False,False,False,32,4,0,1,1,39,11,3,4,1,200,9,21,4,115,25846,2659,19963,5851,1004,0,2,0,0,0,0,6,11,13,285,14760,12
352,6,9,440,411233155,CLASSIC,1944,1483864381710,Win,200,True,True,True,True,True,31,9,3,1,1,25,2,0,0,0,200,7,21,4,115,23702,1682,9110,9622,348,0,4,0,0,0,1,10,7,8,160,12550,12
353,7,9,440,411203403,CLASSIC,1881,1483861501762,Win,200,True,True,False,True,False,35,9,3,2,0,22,1,1,0,0,200,8,12,4,98,5949,4745,17574,4367,213,0,0,0,0,0,0,4,4,10,196,11550,9
354,6,9,440,411230896,CLASSIC,2387,1483857151040,Win,200,False,True,True,True,True,43,9,3,2,1,17,3,1,0,0,200,7,12,4,98,14553,14567,33046,8739,424,0,6,0,0,0,0,10,3,19,214,14275,17
355,1,9,2,411037889,CLASSIC,1971,1483825774873,Win,100,False,False,True,True,True,47,8,1,1,1,34,4,1,0,0,100,2,11,4,32,27384,2707,18427,12449,613,0,12,0,0,0,3,19,5,12,43,15000,12
356,5,8,420,399155000,CLASSIC,1892,1480904429578,Fail,200,True,False,True,False,False,31,5,1,0,0,26,7,3,1,1,200,6,12,4,98,5946,4762,12280,8517,414,0,4,0,0,0,0,4,3,11,155,10580,14
357,4,8,440,398026715,CLASSIC,1469,1480630804496,Win,100,True,True,True,False,False,31,6,2,0,0,7,1,0,0,0,100,5,11,4,32,6406,685,13079,4012,350,0,3,0,0,0,0,4,1,9,14,7975,10
358,4,8,440,398016204,CLASSIC,200,1480629929780,Fail,100,False,False,False,False,False,0,0,0,0,0,1,0,0,0,0,100,5,11,4,32,0,0,1445,0,0,0,0,0,0,0,0,0,0,0,0,500,0
359,2,8,65,398031645,ARAM,1974,1480620660129,Win,100,True,False,False,False,False,75,4,0,2,0,63,2,0,3,0,100,3,32,4,48,20014,26292,26674,66221,9099,0,5,0,0,0,2,18,7,50,76,15000,0
360,9,8,420,397465920,CLASSIC,1215,1480471078801,Fail,200,False,False,True,False,False,12,0,2,0,0,25,10,0,2,0,200,10,12,4,98,1848,2210,8425,2692,141,0,2,0,0,0,0,2,1,7,72,5400,4
361,1,7,2,388978414,CLASSIC,1427,1478388566561,Win,100,True,True,True,False,False,28,5,1,0,0,17,0,0,0,0,100,2,7,4,99,26111,1984,5630,6139,205,0,6,0,1,1,2,14,5,8,90,9260,10
362,2,7,2,388985114,CLASSIC,1261,1478386658264,Win,100,False,True,True,False,False,34,3,1,0,0,16,0,0,0,0,100,3,14,4,55,22183,1403,8030,3857,24,0,6,0,0,2,5,18,4,1,109,9235,4
363,5,7,2,388990947,CLASSIC,1220,1478384408918,Win,200,False,True,False,True,False,25,11,0,2,0,8,0,0,0,0,200,6,11,4,62,783,4701,11545,49,266,0,4,0,0,0,0,4,1,1,32,7800,8
364,4,7,410,388951731,CLASSIC,1236,1478381115414,Fail,100,True,False,False,False,False,12,2,0,0,0,24,6,2,1,0,100,5,11,4,32,4591,423,13705,3675,176,0,0,0,0,0,0,1,5,7,11,5675,12
365,4,7,410,388889391,CLASSIC,1995,1478378575691,Fail,100,True,False,False,False,False,22,3,1,0,0,47,8,3,2,1,100,5,3,4,201,4668,1174,14871,14036,816,0,0,0,0,0,0,0,10,8,35,7675,32
366,6,7,65,378051144,ARAM,1200,1475808080295,Fail,200,True,True,False,False,False,38,1,0,0,0,49,4,0,1,0,200,7,32,4,120,3656,12041,15495,15558,211,0,2,0,0,0,2,12,13,15,36,10250,0
367,7,7,410,378014256,CLASSIC,1803,1475802510151,Win,200,True,True,True,True,False,36,10,3,2,0,16,1,0,0,0,200,8,12,4,98,3747,4042,16345,5747,207,0,4,0,0,0,0,5,3,16,116,9875,9
368,9,7,410,377958191,CLASSIC,195,1475794427337,Fail,200,False,False,False,False,False,2,0,0,0,0,2,0,0,0,0,200,10,12,4,98,44,138,826,0,2,0,0,0,0,0,0,0,0,0,10,500,0
369,2,7,2,377342043,CLASSIC,1944,1475633161752,Fail,100,False,True,False,False,False,26,3,0,0,0,49,9,3,1,1,100,3,3,4,53,8688,4390,22127,5036,277,0,0,0,0,0,0,3,8,17,45,9000,26
370,5,7,310,361675564,CLASSIC,2912,1471643999270,Fail,200,True,False,True,False,False,68,7,3,0,2,63,11,1,4,1,200,6,3,4,16,47000,6668,18368,38686,1175,0,7,0,0,0,1,15,9,37,66,16600,10
371,6,7,96,359708845,ASCENSION,1409,1471126311932,Win,200,False,False,False,False,False,78,0,0,0,0,85,0,0,0,0,200,7,6,4,122,2265,31947,22805,22390,174,0,4,0,0,0,3,19,17,23,0,13550,0
372,2,7,96,359710752,ASCENSION,1165,1471124481976,Win,100,False,False,False,False,False,75,0,0,0,0,58,0,0,0,0,100,3,14,4,62,2930,35859,10669,18084,22,0,4,0,0,1,5,25,12,19,0,12500,0
373,9,7,96,359486913,ASCENSION,1286,1471063393305,Win,200,True,False,False,False,False,74,0,0,0,0,78,0,0,0,0,200,10,14,4,105,42857,6319,20606,12665,88,0,5,0,0,1,6,23,16,22,0,14600,0
374,8,7,96,359469951,ASCENSION,1156,1471061523112,Win,200,False,False,False,False,False,80,0,0,0,0,57,0,0,0,0,200,9,7,4,115,28795,3469,8777,7433,159,0,5,0,0,2,4,23,7,21,2,11550,0
375,6,7,65,359474335,ARAM,1593,1471057684109,Fail,200,True,False,False,False,False,42,1,0,0,0,69,4,0,2,0,200,7,32,4,34,37549,1963,10555,24000,764,0,4,0,0,0,1,14,9,18,50,13150,0
376,1,7,65,359471597,ARAM,1356,1471055776421,Fail,100,True,False,False,False,False,41,1,0,0,0,63,4,0,2,0,100,2,32,4,12,9901,4854,14221,26903,463,0,2,0,0,0,0,6,10,30,30,10500,0
377,8,7,65,359423600,ARAM,1322,1471053826767,Fail,200,False,False,False,False,False,36,0,0,0,0,53,4,0,2,0,200,9,14,4,2,0,14089,19407,14979,485,0,2,0,0,0,0,6,11,18,24,8200,0
378,4,7,410,354357198,CLASSIC,1875,1469736019674,Win,100,True,True,True,True,False,32,11,2,3,0,14,2,0,0,0,100,5,11,4,32,10999,1107,17333,4258,586,0,3,0,0,0,2,7,2,4,27,10095,12
379,7,7,2,354327481,CLASSIC,2532,1469689652980,Fail,200,False,False,False,False,False,43,4,1,0,0,69,11,2,3,2,200,8,3,4,99,33171,1999,14862,17901,289,0,4,0,0,0,0,12,17,17,60,13600,17
380,9,7,2,354326200,CLASSIC,2647,1469686377998,Win,200,False,False,True,True,False,66,10,3,4,0,61,8,1,2,2,200,10,14,4,105,44777,6639,13223,25214,266,0,5,0,0,1,2,28,14,12,177,18050,13
381,8,7,65,354340012,ARAM,901,1469684690423,Win,200,True,True,False,True,False,51,4,0,2,0,33,0,0,0,0,200,9,14,4,55,25577,1032,7464,3085,1105,0,8,1,2,3,7,27,6,18,37,11300,0
382,6,7,65,354024266,ARAM,1052,1469600604330,Fail,200,False,False,False,False,False,43,0,0,0,0,49,4,0,1,0,200,7,14,4,38,19207,1217,16219,1316,162,0,2,0,0,0,1,13,10,18,23,8985,0
383,0,7,410,353980034,CLASSIC,1828,1469591311054,Win,100,False,True,False,True,True,22,7,2,1,1,17,1,1,0,0,100,1,3,4,12,5663,1215,10615,11796,193,0,0,0,0,0,0,0,3,11,68,7400,14
384,1,7,400,353838693,CLASSIC,1651,1469588831873,Win,100,False,True,True,True,False,38,9,3,2,0,28,1,0,0,0,100,2,3,4,53,8207,6159,7471,9423,245,0,2,0,0,0,0,4,4,15,40,8350,10
385,2,7,400,353847887,CLASSIC,233,1469587572851,Win,100,True,False,False,False,False,1,0,0,0,0,0,0,0,0,0,100,3,3,4,53,184,326,362,252,9,0,0,0,0,0,0,0,0,0,3,500,1
386,7,7,410,343238563,CLASSIC,1755,1467143857623,Fail,200,True,False,True,False,False,20,3,1,0,0,28,10,3,2,0,200,8,12,4,98,4527,4327,19982,3998,285,0,0,0,0,0,0,2,7,11,113,8225,11
387,8,7,2,343290114,CLASSIC,2106,1467137723952,Win,200,False,False,False,True,False,32,6,0,1,0,29,5,2,0,0,200,9,11,4,89,5588,2018,18056,3613,246,0,2,0,0,0,1,4,5,14,13,9350,17
388,2,7,410,343057272,CLASSIC,1761,1467081723703,Fail,100,False,False,True,False,False,6,1,1,0,0,25,10,2,2,1,100,3,3,4,12,5650,2473,15048,11438,250,0,0,0,0,0,0,0,7,5,54,5875,10
389,8,7,410,343055998,CLASSIC,1742,1467079353235,Win,200,True,True,False,True,True,50,10,1,2,1,24,0,2,0,0,200,9,3,4,53,6918,3496,7730,15471,159,0,0,0,0,0,0,2,6,22,37,8750,17
390,3,7,410,342964899,CLASSIC,1898,1467058859741,Fail,100,True,False,False,False,False,20,2,1,0,0,25,9,1,2,1,100,4,12,4,98,5725,4836,20240,6767,228,0,0,0,0,0,0,2,3,10,127,7720,12
391,9,7,410,342365683,CLASSIC,2260,1466909374475,Win,200,False,False,False,True,True,27,11,2,4,1,27,4,2,0,0,200,10,12,4,86,5567,11344,31954,12013,141,0,2,0,0,0,0,5,5,11,185,12150,16
392,8,7,410,336559967,CLASSIC,1783,1465348897320,Fail,200,True,False,True,False,False,18,1,2,0,0,24,10,1,2,1,200,9,12,4,98,6770,5742,16579,11607,520,0,3,0,0,0,0,4,3,6,178,9475,12
393,1,7,410,336027112,CLASSIC,3609,1465177932627,Win,100,False,False,False,False,False,51,9,2,1,1,49,7,4,1,2,100,2,3,4,201,12699,2109,44808,21506,1362,0,0,0,0,0,0,1,13,37,70,15345,55
394,4,7,410,336045504,CLASSIC,1818,1465174968816,Fail,100,False,False,True,False,False,24,0,1,0,0,41,10,2,2,1,100,5,12,4,98,7164,4147,12115,10998,283,0,0,0,0,0,0,2,8,4,127,7650,9
395,4,7,410,335598325,CLASSIC,2174,1465093420812,Fail,100,True,False,False,False,True,23,0,0,0,1,51,10,3,2,0,100,5,11,4,32,18739,1670,27686,15125,415,0,0,0,0,0,0,2,8,13,51,10925,18
396,8,7,410,335596448,CLASSIC,2357,1465089957858,Win,200,True,False,True,True,True,47,10,4,2,1,37,5,1,0,0,200,9,12,4,98,10700,9271,22892,10506,387,0,2,0,0,0,0,6,8,14,191,13775,11
397,3,7,410,334914315,CLASSIC,1689,1464918703142,Fail,100,False,False,False,False,False,12,0,0,0,0,36,11,4,3,1,100,4,12,4,98,3887,4826,15497,10355,229,0,0,0,0,0,0,1,10,9,114,7200,7
398,1,7,2,334941595,CLASSIC,2192,1464915265253,Win,100,True,False,False,True,False,51,10,1,2,0,44,4,3,0,1,100,2,7,4,104,738,21170,12914,4905,167,0,3,0,0,0,2,8,6,12,154,12050,14
399,8,7,410,334595981,CLASSIC,2574,1464835342860,Fail,200,False,True,False,False,False,37,4,0,0,0,38,10,4,2,1,200,9,12,4,98,14305,12922,33270,14620,518,0,3,0,0,0,0,7,10,12,183,13450,14
400,9,7,410,334018118,CLASSIC,1871,1464663808610,Win,200,True,True,True,True,True,43,11,4,4,2,12,1,0,0,0,200,10,12,4,98,11579,13990,22782,6517,296,0,5,0,0,0,2,9,3,16,140,10125,9
401,3,7,410,333776225,CLASSIC,1916,1464582428673,Fail,100,False,False,True,False,False,12,1,2,0,0,27,10,1,2,1,100,4,12,4,98,2786,2287,16554,7055,284,0,2,0,0,0,0,3,4,0,149,9075,12
402,7,7,410,333775332,CLASSIC,1464,1464580273388,Win,200,True,False,False,False,False,21,4,2,0,0,9,2,1,0,0,200,8,12,4,98,4655,5033,12085,1777,201,0,0,0,0,0,0,0,4,9,132,6550,9
403,8,7,400,333373846,CLASSIC,1755,1464493204883,Win,200,False,True,True,True,False,50,10,3,2,0,28,2,0,0,0,200,9,12,4,12,19730,6694,24927,10290,482,0,6,0,0,0,0,10,5,19,121,10800,7
404,3,7,410,332885780,CLASSIC,1553,1464405201306,Fail,100,True,False,False,False,False,7,2,0,0,0,20,10,2,2,0,100,4,14,4,105,3820,931,4338,5721,63,0,0,0,0,0,0,2,3,1,68,6150,3
405,3,7,410,332884277,CLASSIC,1700,1464402843201,Win,100,True,True,True,True,True,19,10,3,2,1,13,0,0,0,0,100,4,7,4,115,16270,1463,5420,5643,347,0,2,0,0,0,0,4,3,6,134,7950,8
406,1,7,410,332882301,CLASSIC,1863,1464399431525,Win,100,False,True,True,True,False,39,10,3,1,0,24,2,0,0,0,100,2,12,4,98,12462,8337,14049,7613,454,0,6,0,0,0,0,6,4,18,150,9900,10
407,4,7,400,332881189,CLASSIC,1657,1464397192640,Fail,100,False,False,False,False,False,19,0,0,0,0,49,11,1,3,0,100,5,12,4,57,13125,2008,18590,14265,373,0,2,0,0,0,0,5,8,3,114,7950,6
408,3,7,400,332478368,CLASSIC,2410,1464310053742,Win,100,True,True,True,False,False,54,8,5,1,0,40,9,0,2,0,100,4,12,4,57,17443,3166,37183,14558,714,0,2,0,0,0,0,5,8,17,154,11200,12
409,2,7,410,331983661,CLASSIC,1470,1464153780547,Fail,100,False,False,True,False,False,14,0,1,0,0,37,8,1,1,0,100,3,7,4,115,15363,836,9169,5521,215,0,0,0,0,0,0,2,8,3,126,6775,8
410,3,7,410,331982006,CLASSIC,2802,1464150001478,Fail,100,False,False,True,False,False,49,6,3,2,1,51,10,1,4,2,100,4,3,4,12,12482,2470,28184,25212,296,0,0,0,0,0,0,1,9,29,44,14030,24
411,4,7,410,331980481,CLASSIC,1962,1464147118187,Win,100,False,True,False,True,True,46,11,1,2,1,30,2,2,0,0,100,5,3,4,89,5455,3383,17596,4441,127,0,0,0,0,0,0,2,5,20,60,9800,13
412,6,7,410,331896178,CLASSIC,2233,1464140641554,Fail,200,False,False,False,False,False,28,4,0,0,0,38,9,4,2,1,200,7,12,4,98,6057,5370,23846,7761,440,0,0,0,0,0,0,3,10,15,128,11070,13
413,6,7,410,331884862,CLASSIC,1365,1464137426500,Win,200,True,False,True,False,False,28,2,2,0,0,10,1,1,0,0,200,7,12,4,98,4012,3864,10400,1881,219,0,2,0,0,0,0,2,2,12,104,6370,6
414,0,7,410,331637406,CLASSIC,2287,1464061855078,Win,100,True,False,True,True,True,40,9,3,2,2,23,3,2,0,0,100,1,12,4,98,11213,8477,23252,14403,342,0,7,0,0,0,1,8,1,16,153,12925,17
415,5,7,410,331655338,CLASSIC,2084,1464058436981,Win,200,False,False,True,True,True,34,9,3,1,1,24,3,1,0,0,200,6,12,4,98,8951,7262,17596,11157,385,0,2,0,0,0,0,4,6,17,172,12650,11
416,6,7,410,331643681,CLASSIC,2466,1464055234696,Win,200,False,False,True,True,False,34,8,5,1,0,27,4,0,0,1,200,7,12,4,86,8380,14980,27886,21231,142,0,7,0,0,0,0,8,4,14,231,14400,15
417,2,7,410,331631124,CLASSIC,1283,1464050074911,Fail,100,False,False,False,False,False,9,0,0,0,0,28,6,2,0,0,100,3,12,4,98,4646,3602,7661,7261,174,0,2,0,0,0,0,4,5,1,104,6050,7
418,1,7,410,331333805,CLASSIC,2234,1463969775829,Win,100,False,False,True,True,True,37,9,4,1,1,23,6,0,0,0,100,2,12,4,98,9575,6824,16100,4152,378,0,3,0,0,0,0,4,2,21,193,13000,12
419,0,7,410,331312732,CLASSIC,1876,1463966543739,Win,100,True,True,True,True,False,31,9,1,2,0,21,2,0,0,0,100,1,12,4,86,5341,10065,16351,6209,167,0,2,0,0,0,1,7,5,7,147,10500,9
420,6,7,410,330277519,CLASSIC,1393,1463805308849,Win,200,True,True,True,False,False,24,4,2,0,0,15,1,0,0,0,200,7,12,4,98,7169,7644,10611,4384,319,0,4,0,0,0,0,6,2,6,170,5950,4
421,8,7,76,330436623,CLASSIC,742,1463800077727,Fail,200,False,False,False,False,False,27,0,0,0,0,49,11,1,3,0,200,9,12,4,26,10163,1240,8671,8319,85,0,4,0,0,0,2,10,10,4,38,8735,1
422,6,7,410,330264760,CLASSIC,2685,1463797156911,Win,200,True,True,True,True,True,31,10,4,4,1,16,3,1,0,0,200,7,12,4,98,10927,10905,19083,21862,850,0,3,0,0,0,1,3,2,14,294,16875,17
423,5,7,410,330263340,CLASSIC,2528,1463792720130,Win,200,False,True,True,True,True,37,10,5,2,1,27,3,0,0,0,200,6,12,4,98,13964,9911,15421,10827,569,0,4,0,0,0,0,7,2,16,254,12200,15
424,5,7,76,330181023,CLASSIC,1018,1463765501170,Fail,200,False,False,True,False,False,33,0,1,0,0,52,11,0,3,0,200,6,12,4,120,3331,11764,14870,16701,468,0,2,0,0,0,1,9,16,1,40,8900,4
425,5,7,76,330170370,CLASSIC,975,1463764139825,Fail,200,False,False,False,False,False,24,1,0,0,0,58,11,3,3,0,200,6,12,4,2,514,7154,5500,22399,209,0,0,0,0,0,0,3,16,5,33,7950,3
426,2,7,8,329473076,CLASSIC,3096,1463542168109,Fail,100,False,True,False,False,False,30,6,0,1,0,45,7,0,6,0,100,3,11,4,77,17655,11409,42509,42134,1049,0,2,0,0,0,0,8,16,13,122,21135,0
427,2,7,8,329465705,CLASSIC,1465,1463540260881,Fail,100,True,True,False,False,False,18,1,0,0,0,35,6,0,1,0,100,3,14,4,17,14483,2887,17197,7270,281,0,0,0,0,0,1,4,14,13,41,7250,0
428,2,7,410,329403738,CLASSIC,1845,1463537899878,Fail,100,False,False,False,False,False,14,1,0,0,0,29,10,4,2,1,100,3,12,4,98,7314,5818,14714,12654,300,0,0,0,0,0,0,3,6,6,112,8550,8
429,6,7,410,329421585,CLASSIC,2642,1463534477264,Fail,200,True,True,False,True,False,43,7,2,1,1,34,8,2,1,1,200,7,7,4,115,55551,2559,11359,11029,727,0,5,0,0,0,0,11,6,18,243,17750,16
430,3,7,410,329180484,CLASSIC,2875,1463453169821,Fail,100,False,True,False,False,True,44,6,2,1,1,42,9,3,1,0,100,4,12,4,98,9527,10003,29876,16014,474,0,7,0,0,0,0,9,5,14,227,15700,14
431,2,7,2,329170992,CLASSIC,2121,1463449453661,Fail,100,False,False,False,False,False,24,1,0,0,0,42,11,4,3,1,100,3,7,4,222,2238,11447,14728,4604,63,0,0,0,0,0,0,0,8,7,141,8900,9
432,5,7,2,329069149,CLASSIC,1965,1463446887474,Fail,200,True,False,True,False,False,25,1,1,0,0,49,11,3,4,1,200,6,12,4,57,17040,2469,27610,11271,534,0,3,0,0,0,1,5,6,9,167,10200,9
433,9,7,2,329065493,CLASSIC,2737,1463443366524,Win,200,True,True,True,False,True,59,9,2,4,1,47,8,3,2,0,200,10,14,4,57,21569,4710,33141,12851,1038,0,3,0,0,0,0,9,11,20,178,15250,5
434,0,7,410,328835034,CLASSIC,2149,1463365930539,Win,100,True,True,False,True,False,38,7,1,1,0,34,3,3,0,0,100,1,7,4,115,27820,2257,7556,15370,350,0,3,0,0,0,1,11,9,6,155,12660,8
435,7,7,410,328852470,CLASSIC,1995,1463361472097,Win,200,True,False,True,True,True,30,9,1,2,1,18,3,2,0,0,200,8,11,4,32,11929,1539,17660,5815,1439,0,3,0,0,0,0,5,3,13,58,10100,11
436,5,7,410,328830785,CLASSIC,2343,1463358245732,Fail,200,True,False,True,False,False,26,4,2,0,0,34,9,3,2,1,200,6,12,4,98,14974,11866,24268,21337,590,0,5,0,0,0,0,6,4,12,223,13050,10
437,8,7,410,328684800,CLASSIC,1296,1463348527093,Win,200,True,True,True,False,False,29,6,2,0,0,9,0,0,0,0,200,9,12,4,98,4346,3669,7067,4021,148,0,0,0,0,0,0,1,1,15,125,5800,4
438,7,7,410,328670825,CLASSIC,2317,1463341460848,Win,200,True,False,True,True,False,36,8,4,2,1,26,3,1,0,1,200,8,12,4,98,11797,9230,21109,8396,365,0,2,0,0,0,0,5,5,22,163,13230,12
439,7,7,410,328569399,CLASSIC,2102,1463338798614,Fail,200,False,False,False,False,False,19,0,1,0,0,38,10,2,2,1,200,8,12,4,98,8944,9132,20430,14538,446,0,2,0,0,0,0,2,8,14,113,9350,6
440,5,7,410,328548667,CLASSIC,1833,1463336376088,Win,200,False,True,False,True,True,30,11,2,4,1,19,4,2,1,0,200,6,7,4,115,24728,1341,5291,5800,238,0,5,0,0,0,1,6,2,16,102,10925,8
441,2,7,410,328567487,CLASSIC,1488,1463334367166,Fail,100,False,False,True,False,False,13,0,1,0,0,25,7,2,1,0,100,3,12,4,98,5450,3712,10144,8447,243,0,0,0,0,0,0,2,5,4,132,6000,6
442,6,7,65,328622788,ARAM,1393,1463329452595,Fail,200,False,False,False,False,False,36,0,0,0,0,48,4,0,1,0,200,7,7,4,10,14638,9351,7951,20684,287,0,0,0,0,0,0,5,12,19,46,9750,0
443,3,7,410,328545604,CLASSIC,1581,1463327256296,Win,100,False,False,True,True,False,38,10,3,1,0,13,1,0,0,0,100,4,12,4,98,9875,8296,13423,3281,208,0,9,0,0,0,0,9,2,18,103,8800,6
444,1,7,410,328550112,CLASSIC,1866,1463289239764,Fail,100,False,True,False,False,False,13,1,1,0,0,26,11,3,3,1,100,2,12,4,98,4005,3662,15328,8892,246,0,0,0,0,0,0,1,6,5,171,8200,6
445,9,7,410,328397411,CLASSIC,1628,1463284367083,Win,200,True,True,False,True,True,28,8,2,1,1,14,3,1,0,0,200,10,12,4,98,6684,5107,10877,3108,195,0,2,0,0,0,0,3,1,17,108,8100,7
446,8,7,410,328385505,CLASSIC,2081,1463280551653,Fail,200,False,False,False,False,False,20,2,1,0,0,32,9,2,2,1,200,9,12,4,98,9043,5534,23513,8267,294,0,2,0,0,0,0,3,5,11,151,9750,10
447,6,7,410,328383400,CLASSIC,3040,1463276968224,Fail,200,False,False,False,False,True,40,7,1,1,1,39,10,4,3,1,200,7,12,4,98,7043,6182,23265,23987,340,0,3,0,0,0,0,3,9,14,177,15550,11
448,3,7,410,328401037,CLASSIC,1625,1463273087772,Win,100,True,False,False,False,False,28,5,2,0,0,10,1,1,0,0,100,4,12,4,98,6578,5149,15835,1777,255,0,5,0,0,0,2,5,1,15,176,9420,6
449,3,7,410,328296744,CLASSIC,2279,1463264553971,Fail,100,False,False,True,True,False,41,7,4,1,0,28,8,1,1,2,100,4,12,4,98,9829,5526,26216,6596,494,0,3,0,0,0,0,5,5,19,137,12850,12
450,1,7,410,328285210,CLASSIC,2143,1463261425610,Win,100,False,False,True,True,True,42,10,3,2,1,27,5,1,0,0,100,2,12,4,98,7337,6117,17384,13090,343,0,3,0,0,0,0,6,6,14,196,12825,6
451,8,7,410,328292822,CLASSIC,2323,1463257094117,Win,200,False,True,True,True,True,38,11,3,7,1,29,2,1,0,0,200,9,12,4,98,8584,5270,19285,9222,214,0,0,0,0,0,0,1,6,22,138,12550,9
452,2,7,410,328260767,CLASSIC,2887,1463252663119,Fail,100,False,True,False,False,False,45,6,2,0,0,32,11,2,6,3,100,3,12,4,98,22755,20482,40488,17856,561,0,11,0,0,0,1,14,5,18,274,22320,13
453,3,7,410,328108552,CLASSIC,1222,1463248681125,Fail,100,False,False,False,False,False,13,0,1,0,0,18,10,1,1,0,100,4,11,4,32,5833,536,13888,7006,178,0,0,0,0,0,0,2,4,5,19,6025,8
454,8,7,410,328107703,CLASSIC,1516,1463246654717,Win,200,False,True,True,True,False,21,10,2,2,0,6,0,0,0,0,200,9,12,4,98,4500,4795,9964,3497,177,0,3,0,0,0,0,3,2,9,126,8370,9
455,0,7,410,328106888,CLASSIC,1482,1463244249699,Fail,100,False,False,True,False,False,16,0,1,0,0,42,10,1,2,1,100,1,3,4,89,3226,2191,15180,5485,55,0,0,0,0,0,0,1,8,8,35,5600,10
456,1,7,410,328102050,CLASSIC,2070,1463206079986,Fail,100,True,False,True,False,False,23,0,1,0,0,43,10,2,2,0,100,2,3,4,89,6954,3565,18473,6835,114,0,0,0,0,0,0,2,7,11,62,8825,13
457,5,7,410,328091149,CLASSIC,2009,1463202833310,Win,200,True,True,False,True,True,34,8,0,1,1,28,4,3,0,0,200,6,3,4,89,9347,3228,11756,17662,7679,0,0,0,0,0,0,2,5,20,68,9550,14
458,8,7,410,327999319,CLASSIC,1753,1463199189414,Win,200,False,True,True,True,True,39,9,3,2,1,16,3,0,0,0,200,9,12,4,98,6259,5462,12765,7773,225,0,0,0,0,0,0,2,3,18,125,9980,8
459,5,7,410,327997615,CLASSIC,2561,1463196144824,Win,200,True,True,True,True,False,37,10,5,5,1,38,7,0,1,1,200,6,3,4,89,8443,2559,23242,14023,203,0,0,0,0,0,0,1,6,18,69,12075,19
460,6,7,410,327992977,CLASSIC,2721,1463187999120,Fail,200,True,True,True,False,True,42,6,4,2,2,40,11,0,4,0,200,7,3,4,89,7690,2495,26342,15252,154,0,2,0,0,0,0,3,10,21,43,12855,21
461,2,7,96,327956109,ASCENSION,1311,1463180682251,Fail,100,False,False,False,False,False,44,0,0,0,0,80,0,0,0,0,100,3,14,4,105,30799,6179,21825,12474,54,0,3,0,0,1,3,15,18,11,0,13600,0
462,6,7,96,327953586,ASCENSION,1097,1463179049837,Win,200,False,False,False,False,False,67,0,0,0,0,55,0,0,0,0,200,7,14,4,63,34837,1794,16940,5344,385,0,4,0,0,1,4,16,8,25,1,10050,0
463,3,7,410,327704487,CLASSIC,1262,1463108818072,Win,100,False,True,True,False,False,16,5,2,0,0,7,0,0,0,0,100,4,12,4,98,6141,4306,9777,1946,182,0,3,0,0,0,0,3,3,2,119,6100,6
464,2,7,65,327722967,ARAM,1568,1463105920151,Fail,100,True,False,False,False,False,37,2,0,0,0,49,4,0,1,0,100,3,6,4,45,18747,548,4653,21410,81,0,2,0,0,0,0,7,15,12,23,10450,0
465,5,7,410,327701657,CLASSIC,2068,1463103639992,Fail,200,False,False,False,False,False,26,2,0,0,0,43,10,4,2,1,200,6,3,4,12,6323,1980,23357,14562,229,0,0,0,0,0,0,2,9,14,36,7900,15
466,6,7,410,327690392,CLASSIC,1605,1463101242869,Win,200,False,True,True,True,False,33,9,3,1,0,13,1,0,0,0,200,7,3,4,12,3065,1691,12866,2041,155,0,2,0,0,0,0,3,1,13,42,8400,8
467,8,7,410,327440864,CLASSIC,2604,1463022698533,Fail,200,True,False,True,False,False,41,3,2,0,0,48,11,3,3,1,200,9,12,4,98,19588,11187,24003,13730,1061,0,4,0,0,0,2,9,7,19,192,13570,15
468,8,7,410,327358952,CLASSIC,2320,1463019074317,Fail,200,False,True,False,False,True,27,3,1,0,1,43,8,3,2,0,200,9,14,4,63,30485,1761,10162,14732,730,0,2,0,0,0,1,8,11,6,121,11975,11
469,4,7,410,327357109,CLASSIC,2432,1463015800688,Fail,100,True,False,False,False,False,29,2,1,0,0,33,11,3,3,1,100,5,3,4,89,8287,3662,20481,12943,144,0,0,0,0,0,0,1,5,15,82,9850,15
470,8,7,410,327301580,CLASSIC,1877,1462979642916,Fail,200,False,True,False,False,False,14,2,0,0,0,32,8,3,1,1,200,9,11,4,32,9693,771,17120,12529,733,0,2,0,0,0,0,2,7,11,27,9120,17
471,1,7,410,327143861,CLASSIC,3105,1462939725977,Win,100,True,True,True,True,True,49,9,4,2,2,46,5,1,0,0,100,2,3,4,89,10405,3212,21505,20676,141,0,0,0,0,0,0,0,9,27,80,14350,22
472,6,7,65,327162506,ARAM,2130,1462936820814,Fail,200,True,True,False,False,False,67,2,0,2,0,79,4,0,3,0,200,7,32,4,121,5193,33491,11420,40294,337,0,5,0,0,1,6,25,16,18,55,17000,0
473,0,7,410,327121889,CLASSIC,1617,1462934706391,Fail,100,True,False,False,False,False,16,2,1,0,0,33,5,2,0,1,100,1,3,4,63,11327,1135,10972,3415,67,0,2,0,0,0,1,7,7,2,90,7725,7
474,0,7,410,327130821,CLASSIC,1215,1462932871843,Win,100,False,True,True,True,False,18,9,1,2,0,5,1,0,0,0,100,1,7,4,115,5896,487,2454,1433,192,0,3,0,0,0,0,3,0,4,97,6050,5
475,2,7,410,326968967,CLASSIC,1883,1462929592363,Fail,100,False,True,False,False,False,25,5,0,0,0,37,8,4,1,0,100,3,3,4,53,5032,3273,16382,5117,151,0,0,0,0,0,0,2,9,10,45,8325,17
476,5,7,410,326987509,CLASSIC,1660,1462927391576,Fail,200,True,False,True,False,False,15,1,1,0,0,26,9,1,2,1,200,6,3,4,12,4725,1047,20423,7131,145,0,0,0,0,0,0,1,5,8,34,5800,10
477,3,7,410,326828820,CLASSIC,2026,1462852077756,Win,100,False,True,True,True,True,37,11,3,3,2,26,3,1,0,0,100,4,11,4,32,17710,2254,22165,6945,729,0,6,0,0,0,1,10,3,19,26,13300,16
478,5,7,410,326817570,CLASSIC,2227,1462848659343,Win,200,True,True,False,True,True,40,11,2,6,1,32,5,1,0,0,200,6,3,4,89,6976,4775,17913,12248,103,0,0,0,0,0,0,2,8,21,49,10745,14
479,1,7,410,326815296,CLASSIC,2387,1462844622952,Win,100,True,False,False,True,True,54,11,3,3,1,30,3,2,0,0,100,2,3,4,12,9472,4322,13780,22505,382,0,2,0,0,0,0,5,6,33,62,13450,18
480,0,7,410,326658600,CLASSIC,2081,1462832509643,Win,100,True,True,True,True,True,44,10,4,4,2,35,2,0,0,0,100,1,3,4,89,5635,4532,20265,10155,88,0,2,0,0,0,1,3,10,16,51,9225,21
481,9,7,65,326694127,ARAM,1251,1462828758222,Win,200,True,True,False,True,False,52,4,0,2,0,27,0,0,0,0,200,10,32,4,420,497,13540,12753,14210,24,0,3,0,0,0,2,6,3,18,41,8750,0
482,9,7,410,326634483,CLASSIC,2361,1462821264382,Win,200,False,True,False,True,False,39,11,2,4,0,32,4,2,0,0,200,10,11,4,32,17278,1798,23550,17797,1320,0,4,0,0,0,0,6,7,19,57,11525,21
483,7,7,70,326475356,CLASSIC,2611,1462742385868,Win,200,False,True,True,False,True,55,7,4,1,2,66,8,1,2,0,200,8,12,4,22,13118,16772,21154,2727,2442,0,2,0,0,0,0,8,13,25,98,15000,12
484,1,7,410,326363696,CLASSIC,2467,1462738682124,Fail,100,False,True,False,False,False,36,7,3,0,0,39,8,2,1,0,100,2,3,4,115,37960,2303,14285,10136,503,0,4,0,0,0,2,12,7,14,180,14700,10
485,1,7,410,326341670,CLASSIC,2144,1462733417210,Fail,100,False,False,False,False,False,32,4,0,0,0,47,10,4,3,1,100,2,3,4,89,7455,3039,21049,14395,124,0,0,0,0,0,0,1,9,21,38,8300,22
486,8,7,2,325861584,CLASSIC,2232,1462595289021,Win,200,False,True,False,True,False,40,11,2,3,0,34,2,2,0,1,200,9,14,4,105,34419,5998,12342,10815,131,0,10,0,0,0,5,17,10,8,141,13725,12
487,8,7,2,325844426,CLASSIC,2722,1462592180769,Win,200,False,False,False,False,False,40,8,1,1,1,40,8,3,3,1,200,9,12,4,104,1757,47101,26162,11731,297,0,2,0,0,0,1,7,7,15,250,17200,16
488,2,7,70,325835987,CLASSIC,1509,1462590075287,Win,100,True,True,True,True,False,18,11,1,2,0,13,0,0,0,0,100,3,11,4,50,4638,1244,14546,9066,532,0,0,0,0,0,0,1,6,6,12,7375,3
489,4,7,70,325743036,CLASSIC,3066,1462585861725,Fail,100,True,True,True,False,False,66,7,1,2,0,61,11,3,4,0,100,5,14,4,7,56181,4191,10048,34876,143,0,7,0,0,0,4,28,15,10,92,17250,18
490,9,7,410,324600910,CLASSIC,2722,1462243454047,Fail,200,False,False,False,False,False,30,4,2,1,1,33,11,3,4,1,200,10,11,4,32,19960,2759,19708,21598,1289,0,2,0,0,0,0,5,5,22,36,13545,19
491,2,7,400,324518806,CLASSIC,2612,1462239954200,Fail,100,True,False,False,False,False,45,7,2,0,0,51,7,3,0,2,100,3,14,4,63,33915,1852,23569,13597,764,0,3,0,0,0,1,11,13,14,33,14500,17
492,2,7,400,324517121,CLASSIC,2181,1462237106847,Fail,100,False,True,False,False,True,26,3,0,0,1,45,7,4,2,0,100,3,3,4,412,10752,1356,18401,12489,428,0,0,0,0,0,0,3,5,12,60,9975,14
493,10,7,98,323871620,CLASSIC,1270,1462055610924,Fail,200,True,False,False,False,False,36,0,0,0,0,65,7,0,2,0,200,11,14,4,84,14486,3570,14372,11429,268,0,4,0,0,0,3,16,14,6,36,12435,0
494,5,7,98,323860227,CLASSIC,1638,1462053556362,Win,100,False,False,False,True,False,53,6,0,1,0,42,2,0,0,0,100,6,14,4,55,32202,1081,10505,13533,8,0,4,0,0,2,4,23,12,8,71,14500,0
495,8,7,98,323787941,CLASSIC,1508,1462051358842,Win,200,True,True,False,True,False,68,7,0,3,0,44,1,0,0,0,200,9,14,4,61,23189,2109,6308,9248,1039,0,6,0,0,0,1,16,6,30,55,14950,0
496,9,7,98,323759219,CLASSIC,1801,1462049082637,Fail,200,False,True,False,False,False,55,4,0,0,0,64,7,0,2,0,200,10,14,4,63,26133,1432,7613,19292,257,0,2,0,0,0,1,5,14,16,22,12220,0
497,6,7,410,323732824,CLASSIC,2307,1462045096814,Fail,200,True,True,False,False,False,15,3,1,0,0,27,10,3,2,1,200,7,12,4,98,9262,6239,21731,5584,579,0,4,0,0,0,1,7,4,5,278,12900,12
498,9,7,410,323711714,CLASSIC,2018,1462042398435,Win,200,True,True,True,True,True,29,9,4,4,1,22,1,0,0,0,200,10,7,4,99,14994,1982,7019,5001,284,0,2,0,0,0,0,5,6,9,128,11500,13
499,1,7,410,323710368,CLASSIC,2361,1462039406695,Fail,100,True,True,False,False,True,28,3,0,0,1,43,11,5,3,0,100,2,12,4,86,9284,14926,22508,15427,95,0,3,0,0,0,0,5,8,6,182,11600,16
500,4,7,410,323638837,CLASSIC,2550,1462036072751,Fail,100,True,True,True,False,True,23,3,2,0,1,24,7,3,1,1,100,5,12,4,98,9367,7301,22565,6557,579,0,0,0,0,0,0,1,6,16,242,12500,18
501,9,7,98,323674196,CLASSIC,1269,1462029999501,Win,200,False,False,False,True,False,54,7,0,2,0,30,2,0,0,0,200,10,7,4,63,26980,2656,9243,5272,202,0,8,0,0,0,2,16,3,22,29,11500,0
502,1,7,98,323672962,CLASSIC,1388,1462028313136,Fail,100,False,False,False,False,False,28,1,0,0,0,45,7,0,2,0,100,2,14,4,115,21666,1632,9244,6917,373,0,4,0,0,0,2,8,7,10,43,9950,0
